carid,manufacturer,name,group,CH,CM,CS,SH,SM,SS,RH,RM,RS,IM,W
2108,Dodge,SRT Tomahawk X VGT,X,1197.62,1236.03,1269.20,1288.68,1310.62,1327.66,1349.79,1356.33,1358.91,1327.64,1315.50
2110,Dodge,SRT Tomahawk GTS-R VGT,X,998.16,1034.51,1068.66,1087.13,1102.18,1118.62,1139.83,1154.64,1164.53,1118.59,1106.60
2107,Chaparral,Chaparral 2X VGT,X,919.41,939.96,962.65,971.28,985.53,1002.73,1019.67,1029.46,1038.65,1003.19,993.37
2077,Gran Turismo,Red Bull X2014 Standard,X,864.62,922.76,952.51,966.69,984.29,1002.64,1027.23,1039.72,1050.80,1002.67,989.05
2111,Dodge,SRT Tomahawk S VGT,X,846.24,881.20,915.26,933.96,949.94,969.55,990.04,1001.05,1010.12,964.97,957.67
3417,Jaguar,Jaguar VGT SV,X,836.53,873.85,911.25,931.20,947.97,965.85,988.03,999.22,1008.18,965.78,953.92
3374,Gran Turismo,Red Bull X2019 Competition,X,771.58,812.36,850.15,868.24,887.99,906.35,931.48,943.84,954.05,906.59,891.78
3517,Gran Turismo,Red Bull X2019 25th Anniversary,X,771.58,812.36,850.15,868.24,887.99,906.35,931.48,943.84,954.05,906.59,891.78
3372,Super Formula (Dallara),SF19 Super Formula / Honda '19,X,774.77,813.81,850.51,869.11,885.49,904.13,931.45,943.97,953.65,904.55,891.50
3371,Super Formula (Dallara),SF19 Super Formula / Toyota '19,X,774.77,813.81,850.51,869.11,885.49,904.13,931.45,943.97,953.65,904.55,891.50
2135,Hyundai,HYUNDAI N 2025 VGT,X,780.82,815.64,848.77,868.67,884.97,902.50,927.44,939.73,949.51,902.29,887.82
3510,Ferrari,Ferrari Vision Gran Turismo,X,772.92,810.50,846.23,865.69,883.93,901.76,926.05,938.36,948.73,902.47,888.31
3315,McLaren,McLaren VGT,X,757.57,809.32,850.68,861.08,880.35,898.91,925.01,937.88,947.77,898.61,896.56
3342,Gran Turismo,F1500T-A,X,753.26,806.09,834.54,855.18,872.80,893.13,917.32,930.13,940.22,893.66,880.40
2118,Mazda,LM55 VGT,X,762.49,811.40,835.84,853.48,870.12,888.28,915.97,926.94,936.86,888.37,879.01
2134,Bugatti,Bugatti VGT,X,770.91,792.36,827.51,855.07,872.45,886.93,910.45,912.02,923.74,890.00,877.73
3475,McLaren,MP4/4 '88,X,725.14,764.55,802.67,823.40,842.83,861.51,886.69,898.76,910.27,862.23,848.38
1069,Chaparral,2J '70,X,709.69,748.69,785.66,806.48,822.66,839.52,863.87,874.67,883.02,839.16,828.48
3511,Volkswagen,ID.R '19,X,704.58,731.23,764.19,780.34,799.02,815.60,842.66,855.08,863.39,815.23,819.71
3351,Audi,Audi e-tron VGT,X,678.63,714.11,750.29,771.75,787.85,809.69,829.63,842.02,850.94,805.07,791.84
3414,Lamborghini,Lambo V12 VGT,X,660.68,694.37,752.20,775.23,790.80,790.27,813.84,825.52,834.89,790.36,777.24
2123,Lexus,LF-LC GT VGT,X,661.47,699.74,731.97,744.78,761.84,780.47,806.47,819.35,829.01,780.34,774.28
3396,Jaguar,Jaguar VGT Coupe,X,653.35,689.79,725.19,746.28,761.72,778.03,795.22,806.73,814.16,778.40,768.89
3452,Porsche,917 LIVING LEGEND,X,641.77,691.80,734.62,741.08,757.62,777.83,800.80,812.71,822.32,778.20,779.18
2119,Italdesign,Italdesign VGT Street Mode,X,641.01,681.85,717.58,738.69,756.57,775.40,800.68,811.86,820.73,775.50,761.60
3478,Porsche,Porsche VGT,X,642.20,679.30,715.24,737.58,755.09,774.75,799.71,812.52,823.95,774.95,761.54
3479,Jaguar,Jaguar VGT Roadster,X,643.39,682.35,719.67,738.21,754.51,771.96,796.74,807.41,815.80,772.23,760.41
2120,Italdesign,Italdesign VGT Off-road Mode,X,641.56,681.94,717.22,736.49,753.65,770.79,793.38,805.49,814.83,770.90,761.15
3507,Porsche,Porsche VGT Spyder,X,635.56,672.94,707.76,731.05,748.46,767.34,794.28,806.53,818.17,767.55,752.00
808,Suzuki,V6 Escudo Pikes Peak Special spec.98,X,638.54,671.40,707.89,726.65,746.70,766.78,792.58,804.48,816.03,766.62,781.94
3360,McLaren,McLaren P1 GTR '16,N,629.30,671.15,710.57,728.76,745.90,763.60,787.13,799.74,810.10,763.35,752.81
3433,Ferrari,FXX K '14,N,611.14,658.63,693.96,711.96,731.33,751.35,780.26,794.11,804.60,747.82,736.93
2113,Peugeot,PEUGEOT VGT,X,629.11,675.13,706.32,707.32,725.95,744.95,758.21,771.41,782.30,746.76,758.23
1536,Pagani,Zonda R '09,X,601.91,642.09,690.86,700.98,721.18,737.90,764.68,777.56,787.28,737.48,732.08
2162,Ferrari,LaFerrari '13,N,603.79,645.01,680.99,699.41,714.96,732.51,761.82,773.15,783.29,732.37,721.91
3309,Aston Martin,Vulcan '16,N,597.23,642.53,681.13,693.82,711.72,730.72,754.21,767.40,777.71,730.30,722.37
3473,Bugatti,Chiron '16,N,608.46,644.14,677.77,696.39,712.68,728.92,750.34,761.57,769.31,728.62,712.36
2106,Toyota,FT-1 VGT,X,591.81,641.99,684.79,689.64,707.71,726.71,752.32,765.38,775.45,726.71,717.46
3410,Porsche,917K '70,X,579.53,624.18,663.69,683.90,701.78,720.87,744.12,756.67,767.35,720.85,709.03
2116,Alpine,Alpine VGT Race,X,593.40,638.36,677.07,687.49,703.46,719.71,742.45,757.98,769.39,720.67,716.41
2099,Subaru,VIZIV GT VGT,X,583.12,621.39,658.57,675.11,693.45,715.63,736.45,748.52,758.76,715.66,701.76
2050,Pagani,Huayra '13,N,583.40,621.97,656.91,674.78,691.23,708.29,733.68,744.87,753.65,708.22,697.02
3216,Renault,R.S.01 '16,X,580.49,617.00,652.54,668.96,684.95,703.90,731.24,743.68,750.28,704.06,692.67
2147,Lamborghini,Veneno '14,N,584.92,619.87,653.24,672.10,687.30,703.72,728.13,739.17,747.76,703.68,692.02
2142,Nissan,NISSAN CONCEPT 2020 VGT,X,581.43,619.63,656.30,668.24,685.73,703.00,726.93,738.44,747.81,702.30,694.41
2076,AMG,Mercedes-Benz AMG VGT Racing Series,X,573.56,611.27,647.50,665.33,682.86,701.61,728.43,741.11,749.71,701.81,688.90
3459,Porsche,918 Spyder '13,N,581.11,615.75,652.25,665.20,682.68,699.98,725.08,736.73,745.11,700.31,694.29
3469,Ferrari,F8 Tributo '19,N,572.19,613.06,647.84,664.01,680.12,696.56,718.35,729.82,739.03,696.17,687.33
2112,Alpine,Alpine VGT,X,568.06,606.52,644.90,661.64,678.48,696.22,718.85,732.47,739.96,698.08,690.76
2087,BMW,BMW VGT,X,550.46,598.01,642.21,658.22,674.55,692.61,709.32,722.69,732.05,691.34,683.81
3332,Peugeot,L500R HYbrid VGT 2017,X,558.08,595.55,633.67,649.57,667.82,689.86,705.26,717.16,726.59,690.24,678.38
2049,Bugatti,Veyron 16.4 '13,N,565.49,599.57,634.91,653.63,669.17,687.05,704.13,714.41,722.57,686.37,674.94
1433,Amuse,Amuse S2000 GT1 Turbo,N,548.08,592.74,633.00,651.17,667.51,685.26,691.27,704.19,714.17,685.00,670.05
1474,Ferrari,Enzo Ferrari '02,N,557.61,597.04,632.88,651.87,669.02,684.92,712.57,723.42,732.18,684.69,674.11
2055,AMG,Mercedes-Benz AMG VGT,X,545.43,582.71,620.35,635.04,652.65,684.63,698.46,710.94,720.94,674.19,662.35
2121,Honda,Honda Sports VGT,X,545.85,590.58,626.65,651.83,667.96,683.79,692.92,705.05,712.71,683.68,671.90
2124,Volkswagen,GTI Supersport VGT,X,549.76,596.55,632.09,648.75,665.22,683.63,694.07,706.36,716.79,683.46,673.08
2098,Volkswagen,GTI Roadster VGT,X,532.87,585.15,619.71,647.87,664.80,682.71,686.61,699.01,709.07,683.56,664.99
1551,Ferrari,330 P4 '67,X,553.56,593.65,630.51,647.87,664.90,682.54,703.92,716.58,726.36,682.31,672.68
2122,Zagato,IsoRivolta Zagato VGT,X,548.44,595.24,633.34,645.15,662.38,681.15,699.87,713.19,723.52,679.86,674.50
2103,Aston Martin,DP-100 VGT,X,552.79,588.73,623.34,643.32,658.63,676.22,703.26,711.58,723.69,675.65,664.12
3392,Lamborghini,Aventador LP 750-4 SV '15,N,550.90,587.14,621.95,641.14,657.73,674.91,700.69,711.87,720.54,674.63,663.12
1540,McLaren,McLaren F1 '94,N,548.34,586.96,623.02,640.96,656.51,672.92,695.84,707.33,717.02,672.64,662.44
3426,Roadster Shop,Roadster Shop Rampage,N,538.95,581.25,617.30,638.05,654.30,672.81,699.89,710.87,719.58,672.91,661.09
3398,RUF,CTR3 '07,N,549.70,587.07,621.00,639.23,655.14,672.73,698.05,709.89,719.31,673.17,663.11
2117,Infiniti,INFINITI CONCEPT VGT,X,538.36,577.29,613.89,633.75,651.21,670.10,692.77,704.91,714.17,670.07,656.01
3485,AMG,Mercedes-AMG GT Black Series '20,N,557.67,589.12,617.27,635.90,652.15,669.29,698.12,709.84,718.24,668.55,655.12
3400,Porsche,911 GT1 Strassenversion '97,N,542.11,580.49,616.05,633.99,651.16,668.79,692.92,703.68,712.14,666.90,655.51
3267,Ferrari,F12berlinetta '12,N,544.86,582.89,618.25,637.13,651.99,667.86,692.63,703.64,711.94,668.11,657.06
3346,Eckert's Rod & Custom,Mach Forty,N,532.40,573.16,612.32,630.69,647.94,665.72,691.76,702.60,711.08,665.54,654.92
1898,Aston Martin,One-77 '11,N,534.86,574.65,611.66,628.64,645.73,663.90,688.47,699.18,707.82,673.81,654.01
3449,Chevrolet,Corvette C7 ZR1 '19,N,532.34,573.06,608.55,627.17,644.40,663.12,688.87,699.59,708.46,663.33,650.29
2174,McLaren,650S '14,N,540.51,580.20,615.23,629.76,645.69,662.92,683.91,696.09,705.43,662.58,653.95
2171,Lamborghini,Huracan LP 610-4 '15,N,541.32,573.17,608.02,625.48,640.73,658.50,679.90,690.68,699.33,658.28,647.18
3402,Ford,Ford GT '17,N,536.15,572.52,607.76,625.50,640.75,657.83,684.28,695.86,704.32,657.60,646.87
3393,Porsche,Carrera GT '04,N,532.69,570.81,605.17,623.36,639.34,657.01,680.67,692.95,702.59,656.58,645.37
1565,Ford,Mark IV Race Car '67,X,533.69,572.26,603.99,622.25,638.83,656.86,680.98,693.45,702.76,656.48,646.01
1770,Lamborghini,Aventador LP 700-4 '11,N,534.41,569.66,605.04,622.85,637.98,655.92,682.61,693.54,701.17,655.38,645.61
1553,Jaguar,XJ13 '66,X,526.06,564.53,602.56,618.53,635.44,654.38,681.32,693.20,703.38,654.23,646.12
2095,Mitsubishi,Concept XR-PHEV EVOLUTION VGT,X,527.32,558.80,595.51,620.53,637.14,654.19,681.83,693.63,705.52,654.22,638.96
3297,Subaru,WRX STI Isle of Man '16,X,529.53,565.40,599.87,618.19,635.29,653.79,679.28,691.63,701.53,653.32,641.32
3338,Chris Holstrom Concepts,CHC 1967 Chevy Nova,N,498.18,550.48,596.62,616.16,634.31,653.14,665.81,676.60,685.24,652.24,640.96
1722,McLaren,MP4-12C '10,N,530.66,569.60,604.46,619.65,635.64,652.46,674.57,686.90,696.55,652.14,642.88
3339,Subaru,BRZ Drift Car '17,X,508.54,547.97,588.09,613.60,632.25,650.91,671.87,684.62,695.13,651.09,637.69
3495,Mazda,RX-VISION '15,N,537.14,569.96,603.75,618.92,634.25,649.40,673.67,684.56,693.03,649.22,639.58
2078,Gran Turismo,Red Bull X2014 Junior,X,526.30,562.43,596.08,614.09,630.99,648.98,675.41,687.94,697.83,656.04,637.57
3268,Porsche,911 GT3 RS (991) '16,N,532.02,569.51,601.14,611.72,627.60,644.71,671.49,683.45,692.54,645.67,638.40
3409,BAC,Mono '16,N,523.41,554.52,588.15,608.45,625.81,644.44,672.71,685.16,694.97,644.67,646.36
1504,Ferrari,458 Italia '09,N,525.24,561.48,594.58,612.74,628.23,643.14,665.35,675.77,684.13,642.86,632.60
3362,Ferrari,F50 '95,N,520.24,556.87,592.03,610.03,625.55,641.57,667.85,678.89,687.48,641.30,630.62
3387,Chevrolet,Camaro ZL1 1LE Package '18,N,513.81,555.42,588.06,604.64,621.45,640.07,664.11,674.94,683.73,639.88,628.31
1480,Chevrolet,Corvette ZR1 (C6) '09,N,519.07,556.80,589.97,608.44,623.55,639.68,663.59,674.20,681.81,650.53,628.29
1545,Lamborghini,Murcielago LP 640 '09,N,516.69,551.03,585.45,604.24,619.65,636.71,662.13,672.92,681.62,636.63,624.54
3416,AMG,Mercedes-AMG GT R '17,N,518.03,554.37,587.69,601.55,618.05,634.18,654.50,665.21,673.87,634.60,628.85
2109,MINI,MINI Clubman VGT,X,505.31,551.60,586.08,596.70,614.51,633.08,648.11,659.82,670.13,633.06,624.83
1426,Ford,Ford GT '06,N,513.50,549.08,582.45,600.07,616.27,632.07,651.21,661.57,669.77,631.52,621.99
3390,Porsche,Taycan Turbo S '19,X,523.29,555.05,587.31,600.84,616.78,631.96,652.31,662.49,670.36,631.93,621.60
3457,Alpine,A220 Race Car '68,X,511.54,549.81,585.91,596.97,613.64,631.90,658.24,669.07,677.48,632.17,627.04
1581,Citroen,GT by Citroen Road Car,N,509.54,547.52,582.68,597.23,613.43,631.29,652.87,665.00,674.89,630.79,615.71
1528,Mercedes-Benz,SLR McLaren '09,N,508.35,549.71,581.35,596.80,613.35,631.02,655.02,665.66,674.16,630.78,620.20
1990,Lamborghini,Diablo GT '00,N,513.43,550.77,581.31,598.72,614.30,630.88,650.54,661.29,669.68,630.33,620.23
3345,Nissan,GT-R NISMO '17,N,522.05,554.18,586.55,603.33,616.78,630.17,650.65,656.01,664.04,629.72,620.80
1507,AMG,SLS AMG '10,N,500.42,533.30,578.96,585.75,602.62,627.85,642.47,652.95,661.36,627.72,622.36
1956,Dodge,Viper GTS '13,N,514.97,553.13,587.46,598.28,612.62,627.75,652.15,661.47,669.83,627.60,618.24
2080,Toyota,FT-1,X,494.25,542.50,578.44,598.23,612.06,627.53,637.56,648.28,656.79,627.52,618.36
1409,Ferrari,F40 '92,N,519.31,549.44,580.88,597.31,611.97,626.56,651.15,661.34,669.60,626.44,617.66
2149,AMG,Mercedes-AMG GT S '15,N,502.54,536.49,572.84,592.04,608.83,625.80,630.76,641.92,650.22,625.66,613.72
315,Shelby,Cobra 427 '66,N,504.39,543.32,580.14,596.38,610.72,625.14,645.00,654.25,661.09,625.42,617.59
1378,Ferrari,F430 '06,N,506.49,542.84,574.26,592.18,607.63,624.61,647.36,658.60,667.10,624.46,613.54
2152,Dodge,Charger SRT Hellcat '15,N,500.19,539.47,577.10,596.70,609.80,622.86,641.69,652.10,660.65,622.56,615.13
3406,Dodge,Charger SRT Hellcat Safety Car,X,500.96,540.30,577.09,595.87,607.81,621.48,640.41,650.98,659.15,621.49,612.96
1907,KTM,X-BOW R '12,N,505.32,541.72,575.47,589.61,604.22,619.48,641.04,652.57,661.75,618.75,615.82
3225,Nissan,GT-R Safety Car,X,512.65,547.83,577.36,590.88,604.93,618.28,638.74,643.35,650.79,618.17,609.68
3210,AMG,Mercedes-AMG GT Safety Car,X,502.35,539.76,574.70,587.68,603.00,617.76,640.55,650.86,659.02,617.44,614.24
3518,Chevrolet,Corvette C8 Stingray '20,N,499.50,535.46,570.47,585.55,600.86,617.33,639.47,649.14,657.34,617.29,607.57
2167,Nissan,GT-R '17,N,509.92,543.14,573.47,588.71,602.73,616.48,635.66,640.18,647.74,616.34,607.33
3219,Honda,NSX '17,N,497.65,534.25,568.01,584.48,600.12,615.77,635.21,645.11,653.03,615.48,608.54
3306,Mazda,Atenza Gr.3 Road Car,N,488.52,517.47,562.49,572.82,597.89,615.61,630.23,642.49,652.87,615.82,605.38
3411,Alfa Romeo,Giulia GTAm '20,N,499.40,538.80,576.89,580.88,597.24,614.43,638.60,649.32,657.68,619.71,612.95
3476,Suzuki,Suzuki Vision Gran Turismo,X,489.72,523.05,558.91,579.94,598.28,610.73,634.24,645.62,655.20,611.80,603.80
3296,Chevrolet,Corvette C7 Gr.3 Road Car,N,485.57,524.30,554.82,573.80,591.12,609.96,634.94,647.46,657.79,614.36,598.60
3343,Aston Martin,DB11 '16,N,496.86,531.30,565.23,577.28,593.82,609.23,633.14,643.59,651.82,607.67,600.80
3303,Peugeot,RCZ Gr.3 Road Car,N,472.16,505.24,537.71,556.62,573.69,608.64,619.38,632.04,641.76,608.59,592.12
3304,Subaru,WRX Gr.B Road Car,N,484.46,510.04,557.88,576.37,590.97,608.47,608.27,619.93,627.61,608.45,591.08
1582,Lamborghini,Miura P400 Bertone Prototype '67,N,494.43,531.22,565.11,579.89,593.34,608.18,624.93,634.37,643.22,607.81,604.51
3300,Ford,Mustang Gr.3 Road Car,N,485.43,519.17,554.77,570.54,588.31,607.12,631.01,643.08,653.64,608.32,597.34
2156,Honda,2&4 powered by RC213V,X,473.20,517.82,555.66,569.15,586.18,606.35,623.41,633.86,642.74,604.57,598.75
3299,Alfa Romeo,4C Gr.3 Road Car,N,481.56,522.46,550.76,566.36,583.56,606.01,626.73,639.75,649.71,608.41,593.44
1935,Ford,GT40 Mark I '66,N,494.14,527.89,559.93,573.87,590.95,605.96,624.20,634.08,642.84,605.68,596.28
3359,Porsche,911 GT3 (997) '09,N,496.83,525.12,556.40,573.44,589.02,605.61,626.81,637.59,645.44,605.21,594.01
3488,Porsche,Cayman GT4 '16,N,483.98,516.84,551.01,570.20,586.18,603.91,628.46,639.45,647.59,603.55,591.40
1402,Dodge,Viper SRT10 Coupe '06,N,491.77,529.93,560.81,573.20,588.01,603.72,626.98,637.13,645.35,603.39,594.07
1916,Chevrolet,Corvette C7 '14,N,485.78,521.99,556.98,570.92,587.27,602.70,622.72,633.28,641.92,602.36,593.03
3525,Honda,RA272 '65,X,483.82,520.52,556.26,565.24,585.10,601.13,626.33,639.06,649.25,601.83,600.72
3391,Ford,Shelby GT350R '16,N,485.14,523.20,557.91,571.30,585.48,600.83,621.85,632.90,641.41,600.62,591.38
1549,Amuse,Amuse NISMO 380RS Super Leggera,N,464.61,511.90,546.73,567.05,582.25,600.36,612.08,623.20,631.95,600.31,590.84
1431,RE Amemiya,RE Amemiya FD3S RX-7,N,478.51,517.91,552.90,566.38,580.72,600.04,618.02,628.41,638.78,599.01,592.77
2146,Jaguar,F-type R '14,N,493.62,523.91,552.27,569.02,583.90,599.05,623.35,633.54,639.35,598.76,589.16
2017,Ferrari,GTO '84,N,485.54,523.36,559.21,570.49,584.32,599.00,619.33,629.63,637.80,598.70,595.97
3458,AMG,Mercedes-AMG C 63 S '15,N,483.58,522.39,557.37,568.26,582.64,597.67,618.41,629.06,637.54,597.33,592.29
1484,Lamborghini,Countach LP400 '74,N,484.06,520.95,555.86,568.40,582.22,596.68,614.66,624.29,631.88,596.20,593.01
187,TVR,Tuscan Speed 6 '00,N,483.59,519.76,555.22,562.69,576.24,591.33,611.49,622.06,630.88,590.90,591.21
1926,Shelby,Cobra Daytona Coupe '64,X,484.74,521.22,556.06,562.08,575.94,591.10,612.64,623.72,632.56,590.60,589.45
3301,Mitsubishi,Lancer Evolution Final Gr.B Road Car,N,471.97,516.00,546.03,556.09,571.76,588.87,614.82,626.69,636.43,603.17,590.16
1373,Dodge,Viper GTS '02,N,475.38,511.39,545.76,558.07,573.55,588.79,609.04,619.44,627.86,588.53,579.94
2074,BMW,M4 '14,N,474.92,511.87,545.75,557.79,572.48,587.73,606.25,616.81,625.18,587.14,578.70
3209,BMW,M4 Safety Car,X,476.01,511.89,545.73,557.80,571.79,586.42,606.00,616.48,624.84,586.18,577.19
2178,Toyota,S-FR Racing Concept '16,N,466.60,508.30,543.30,551.18,567.22,585.23,607.97,618.91,627.28,584.68,582.28
1365,Audi,R8 4.2 '07,N,470.76,505.66,537.98,556.56,570.42,585.22,605.84,616.74,625.02,584.60,574.42
2060,Gran Turismo,Racing Kart 125 Shifter,X,0,0,0,0,0,584.03,0,0,0,0,0
1578,Alfa Romeo,8C Competizione '08,N,471.37,507.68,540.15,553.60,568.63,583.67,603.64,614.00,622.54,583.20,574.21
2175,Aston Martin,V8 Vantage S '15,N,467.70,505.37,538.96,552.05,566.48,581.85,601.80,612.23,620.52,581.76,574.10
3369,Radical,SR3 SL '13,N,466.09,501.63,536.12,551.27,565.94,580.52,605.79,616.55,624.56,579.72,574.56
3358,Porsche,911 GT3 (996) '01,N,472.28,506.06,533.59,548.92,564.29,580.18,599.61,609.38,617.25,579.80,569.81
1410,Ferrari,512 BB '76,N,462.32,498.25,532.78,551.33,567.92,579.96,598.78,606.94,615.00,579.71,573.29
3217,Chevrolet,Camaro SS '16,N,470.21,506.47,541.34,550.54,564.56,579.53,601.35,611.56,619.48,579.29,573.25
1481,Lamborghini,Countach 25th Anniversary '88,N,471.10,506.26,532.05,548.39,563.93,578.59,600.13,610.39,618.41,578.39,568.98
2018,Ferrari,365 GTB4 '71,N,468.43,505.60,541.26,549.73,564.01,577.93,600.17,611.52,618.88,577.62,574.35
2139,Lexus,RC F '14,N,469.56,506.52,540.41,548.78,563.11,577.42,600.42,610.65,618.86,578.26,572.46
3227,Lexus,LC500 '17,N,465.18,503.38,533.72,547.82,562.25,577.10,597.10,607.55,615.89,576.67,569.83
2010,Ferrari,250 GTO '62,X,474.33,510.13,535.17,548.97,561.56,575.97,595.85,605.54,612.69,575.49,569.16
3418,Toyota,GR Supra RZ '20,N,462.28,499.03,532.27,544.60,559.34,574.30,593.03,603.53,611.78,573.50,563.72
1689,Honda,Civic Type R (EK) Touring Car,N,459.81,496.52,531.82,541.13,557.86,573.15,596.98,607.59,615.09,573.22,572.50
3483,BMW,M2 Competition '18,N,458.96,494.87,530.37,543.59,557.15,572.61,591.20,601.83,610.33,572.08,568.06
3376,Jaguar,D-type '54,X,451.21,489.49,522.81,542.08,556.34,572.24,587.08,597.29,606.37,572.25,561.49
3437,De Tomaso,Mangusta '69,N,451.24,486.06,518.48,537.45,553.66,571.42,591.80,608.69,622.77,571.41,562.29
3505,De Tomaso,Mangusta (Christian Dior),N,451.24,486.06,518.48,537.45,553.66,571.42,591.80,608.69,622.77,571.41,562.29
3504,Nissan,Z Performance '23,N,458.51,495.73,531.20,541.30,555.40,570.66,590.44,600.89,608.82,570.53,564.91
3434,Ferrari,Testarossa '91,N,458.25,494.19,526.33,540.51,554.92,569.80,587.37,597.64,605.53,569.35,561.96
1896,Tesla ,Model S Signature Performance '12,X,444.08,481.36,516.37,536.57,553.11,568.92,587.97,598.20,606.58,568.76,559.59
1539,Maserati,GranTurismo S '08,N,459.27,493.62,526.51,539.48,553.43,567.70,588.42,598.53,606.67,567.42,559.02
2059,Chevrolet,Corvette Stingray Racer Concept '59,X,444.31,481.50,517.53,537.23,550.11,567.33,588.05,597.91,605.90,567.02,557.01
3364,Greddy,Greddy Fugu Z,N,451.10,490.15,524.54,532.24,549.16,566.59,590.67,601.28,609.05,566.40,567.13
1399,BMW,M3 '07,N,457.97,494.57,522.88,536.27,551.00,566.11,587.61,597.71,605.84,565.58,556.86
3367,Toyota,GR Supra RZ '19,N,452.90,489.25,524.53,536.32,550.64,565.46,585.51,595.84,604.20,565.29,559.31
2138,Ford,Mustang GT '15,N,454.18,493.08,526.48,537.26,551.19,565.18,586.79,597.22,605.53,565.14,559.57
1893,BMW,Z8 '01,N,452.04,489.09,524.92,534.50,548.92,562.92,585.00,594.93,603.38,562.65,561.59
396,Honda,NSX Type R '02,N,448.17,483.13,516.80,533.73,547.15,562.90,583.08,592.68,600.44,562.68,548.07
3439,Porsche,911 Carrera RS (993) '95,N,447.45,482.40,515.56,530.22,546.07,562.52,582.22,591.79,599.58,562.16,556.36
1746,Mazda,Roadster Touring Car,N,443.61,480.09,514.85,526.78,541.29,561.54,582.63,593.34,601.86,561.90,555.85
3404,Porsche,911 Carrera RS CS (993) '95,N,450.92,485.37,518.97,529.59,544.86,561.51,580.65,590.39,598.48,561.00,549.71
3363,Aston Martin,DB3S '53,X,444.24,481.65,513.66,531.85,545.72,561.43,579.38,589.51,597.08,561.08,551.66
3423,Wicked Fabrication,Wicked Fabrication GT 51,N,447.32,484.78,518.90,527.69,543.75,560.65,580.63,590.91,599.19,558.64,553.16
293,Honda,NSX Type R '92,N,445.13,479.22,512.89,528.14,544.71,559.78,579.53,589.15,596.26,559.33,553.29
2169,Audi,TTS Coupe '14,N,449.11,483.99,512.89,530.43,544.30,559.53,570.11,579.81,587.47,559.55,549.60
942,Chevrolet,Corvette ZR-1 (C4) '89,N,453.28,486.68,520.82,530.34,543.24,558.32,582.01,591.63,599.76,558.07,548.99
3385,Porsche,911 Turbo (930) '81,N,437.81,473.49,507.06,524.96,539.84,554.94,571.15,580.06,588.02,554.45,547.12
205,Mazda,RX-7 Spirit R Type A (FD) '02,N,436.43,472.64,508.18,518.18,532.57,554.91,569.25,579.86,587.80,554.91,544.86
3388,AMG,300 SEL 6.8 AMG '71,X,439.28,476.03,508.25,517.99,538.72,554.86,576.13,586.97,595.49,557.00,548.38
2136,Alfa Romeo,4C '14,N,445.70,480.77,514.64,524.46,540.18,554.04,574.81,584.51,592.33,553.51,553.06
41,Chevrolet,Corvette Stingray (C3) '69,N,433.53,471.28,505.02,522.44,537.62,553.26,572.44,581.91,589.57,553.25,542.57
3431,Porsche,911 Carrera RS (964) '92,N,433.58,469.31,502.61,520.29,536.30,552.42,569.73,578.98,588.44,552.38,542.47
3467,Honda,Civic Type R Limited Edition (FK8) '20,N,444.27,479.81,509.41,523.94,537.54,550.88,568.79,577.90,585.94,552.59,543.73
3443,Ferrari,308 GTB '75,N,434.44,469.51,503.62,520.04,533.68,549.03,563.72,572.69,580.96,548.78,539.68
3389,BMW,M3 '03,N,435.50,473.00,505.55,519.31,533.56,548.57,567.92,577.98,585.50,548.02,541.08
3214,Honda,Civic Type R (FK2) '15,N,432.86,469.08,500.59,515.61,533.11,548.51,558.53,568.58,576.26,548.40,537.51
3420,Ford,Focus RS '18,N,440.87,475.16,510.41,521.21,529.25,548.11,562.56,572.78,580.56,551.18,540.20
3337,Alpine,A110 '17,N,441.47,473.13,508.86,517.88,532.80,547.63,567.43,577.44,584.89,547.50,538.98
1931,Ferrari,250 GT Berlinetta passo corto '61,N,434.47,470.36,501.24,518.79,533.27,546.82,561.80,571.88,579.62,547.36,536.45
818,Chevrolet,Corvette (C2) '63,N,437.22,475.93,506.26,522.23,532.64,546.44,562.51,571.27,578.88,545.94,545.03
210,Nissan,R34 GT-R V-spec II Nur '02,N,442.92,477.20,509.70,517.83,531.45,546.03,565.11,575.18,583.29,545.79,544.30
2170,AMG,A 45 AMG '13,N,444.65,478.42,508.02,518.55,539.32,545.85,565.13,574.57,582.36,545.71,544.82
1384,Nissan,Fairlady Z Version S (Z33) '07,N,435.09,471.14,505.23,516.70,529.97,544.75,566.49,576.86,584.78,544.75,539.58
1458,Nissan,Fairlady Z (Z34) '08,N,437.52,473.31,507.56,515.65,529.80,544.54,567.80,577.80,585.41,544.49,539.02
3489,Maserati,A6GCS/53 Spyder '54,X,425.72,461.79,495.34,514.12,528.69,544.22,562.63,572.88,581.70,544.21,534.41
3341,De Tomaso,Pantera '71,N,436.27,471.08,503.95,515.83,530.06,543.91,562.05,571.80,579.10,543.20,535.33
345,Toyota,Sprinter Trueno 1600GT APEX (S.Shigeno Version),N,422.44,459.34,491.69,510.14,526.07,541.99,555.86,564.90,573.04,541.98,533.10
2051,Hyundai,Genesis Coupe 3.8 '13,N,431.19,468.24,504.49,513.20,527.37,541.95,562.13,572.11,580.43,541.99,536.71
2150,Mitsubishi,Lancer Evolution Final '15,N,438.64,470.51,499.24,511.89,524.83,541.30,551.55,561.35,568.67,540.28,532.30
82,Toyota,Supra RZ '97,N,434.23,469.47,501.65,511.59,524.74,540.08,561.48,570.16,577.65,539.49,530.00
489,Nissan,R33 GT-R V-spec '97,N,434.34,469.80,501.55,510.49,524.15,539.29,557.60,566.87,574.76,539.28,532.31
1975,Mazda,RX500 '70,N,435.62,469.44,498.38,511.11,524.68,539.14,561.83,572.22,580.07,538.81,531.20
3451,Toyota,GR Yaris RZ 'High performance' '20,N,427.71,461.90,491.81,504.79,521.80,537.02,547.41,557.21,565.07,537.02,525.17
1925,Shelby,G.T.350 '65,N,430.58,465.53,498.10,507.66,521.36,536.58,555.17,564.70,572.36,535.57,531.26
773,Nissan,R32 GT-R V-spec II '94,N,430.87,466.23,497.34,506.40,519.97,534.58,553.60,563.88,571.98,534.64,530.58
1508,Mitsubishi,Lancer Evolution VI GSR T.M. SCP '99,N,435.81,469.29,503.41,505.53,525.50,533.55,556.02,566.10,573.83,533.79,540.29
3408,Toyota,Crown Athlete G Safety Car,X,417.87,452.89,486.95,502.16,515.08,532.79,548.96,559.24,567.32,533.03,523.66
1773,Volkswagen,Scirocco R '10,N,416.78,453.85,489.22,502.87,517.22,532.54,545.79,556.19,564.34,533.05,525.91
3407,Renault,Megane R.S. Trophy Safety Car,X,410.94,446.87,483.38,499.17,513.59,532.19,544.62,555.22,562.88,532.48,520.63
3401,Toyota,Crown Athlete G '13,N,420.36,455.70,489.97,503.52,516.78,531.17,551.53,561.47,569.45,530.62,524.87
1645,Alfa Romeo,GIULIA TZ2 carrozzata da ZAGATO '65,X,425.11,459.09,489.11,503.44,520.28,530.76,550.96,560.50,568.23,530.70,521.93
3500,Genesis,G70 3.3T AWD Prestige Package '22,N,423.72,457.61,488.68,505.53,520.01,530.50,545.97,555.53,562.49,530.50,524.49
451,Subaru,Impreza 22B-STi '98,N,427.16,462.86,493.61,502.01,515.15,530.15,551.41,561.29,569.72,530.22,531.64
3462,Pontiac,GTO 'The Judge' '69,N,423.38,458.39,488.93,501.82,515.79,530.14,548.82,558.84,566.72,529.98,526.10
1543,Dodge,Challenger R/T '70,N,420.62,457.63,488.46,501.40,515.48,530.00,548.45,558.36,565.53,529.58,526.13
1987,Renault,Megane R.S. Trophy '11,N,412.49,447.99,483.62,498.65,513.42,529.48,540.77,551.39,563.89,528.60,519.24
665,Plymouth,Superbird '70,N,421.43,456.18,486.78,500.64,514.45,528.86,547.53,557.20,565.21,528.63,521.47
211,Mitsubishi,Lancer Evolution V GSR '98,N,433.09,468.54,500.11,500.39,514.28,528.03,551.47,560.32,568.51,534.66,528.80
533,Lancia,Stratos '73,N,409.77,443.97,478.15,497.75,512.02,527.24,546.42,555.96,561.33,527.37,516.97
207,Toyota,MR2 GT-S '97,N,415.47,449.25,482.02,498.12,512.80,525.67,541.77,552.68,560.57,525.23,521.40
3487,Ford,Mustang Boss 429 '69,N,411.14,448.19,481.21,497.21,510.73,525.52,544.99,555.06,563.17,525.62,520.03
3316,Daihatsu,COPEN RJ VGT,X,409.15,442.86,477.94,494.28,509.23,525.23,542.55,554.10,562.49,524.58,516.50
2153,Subaru,WRX STI Type S '14,N,423.35,458.26,488.60,495.88,510.21,525.11,543.74,553.90,562.03,524.98,526.10
3509,Porsche,911 Carrera RS (901) '73,N,413.48,448.19,481.31,498.08,513.26,524.58,542.98,555.54,567.15,524.17,518.57
1542,Chevrolet,Corvette Convertible (C3) '69,N,413.78,448.63,480.14,494.61,508.00,522.61,541.07,551.47,559.08,522.29,514.95
379,Subaru,Impreza Coupe WRX Type R STi Ver.VI '99,N,418.88,451.60,481.24,494.11,507.75,522.44,535.95,545.59,553.88,524.04,517.48
2145,Ford,Focus ST '15,N,404.47,441.59,476.61,491.60,504.99,520.87,539.26,549.84,557.55,519.61,510.85
1895,Ferrari,Dino 246 GT '71,N,406.31,440.34,473.84,492.51,506.17,520.79,538.93,548.47,556.37,520.90,511.01
514,Honda,S2000 '99,N,411.18,445.87,478.84,492.89,507.24,520.53,541.12,551.30,559.51,520.48,516.26
3384,Mitsubishi,GTO Twin Turbo '91,N,408.17,444.38,473.34,489.96,494.88,520.05,529.48,535.61,542.83,520.09,509.11
709,Nissan,Fairlady Z 300ZX TT 2seater '89,N,410.57,445.95,478.64,490.72,504.58,519.07,537.58,547.29,554.99,518.70,516.37
334,Renault,Clio V6 24V '00,N,401.61,436.31,468.86,487.82,503.19,518.33,535.16,544.85,552.45,518.46,507.99
1448,Nissan,SILVIA spec-R Aero (S15) '02,N,410.81,446.13,479.32,489.46,503.55,518.29,537.95,548.38,557.11,518.04,515.52
3427,Mazda,RX-8 Spirit R '12,N,403.99,439.00,472.21,491.23,504.49,517.86,538.29,548.31,556.48,517.61,511.61
31,Chevrolet,Camaro Z28 '69,N,411.73,447.14,475.61,489.72,503.52,517.74,538.15,548.11,555.86,517.68,513.44
3481,Toyota,GR86 RZ '21,N,405.19,439.62,474.58,489.49,502.66,517.61,537.62,546.96,555.21,517.54,513.03
3445,Aston Martin,DB5 '64,N,403.85,438.96,470.73,487.82,502.07,516.88,533.43,543.60,551.27,516.59,506.72
3506,Subaru,BRZ S '21,N,404.96,439.59,474.27,489.23,501.93,516.81,536.60,546.75,554.84,516.38,512.63
3361,Jaguar,E-type Coupe '61,N,407.77,443.62,473.80,489.70,502.87,516.44,532.99,542.06,549.11,516.26,508.51
3220,Renault,Clio R.S. 220 Trophy '15,N,403.60,441.19,471.61,488.11,499.89,514.92,526.06,536.25,543.75,516.27,508.42
3377,Dodge,Super Bee '70,N,410.77,442.81,473.24,486.25,500.09,514.42,532.53,542.34,549.98,513.47,511.48
1729,Ford,Mustang Mach 1 '71,N,403.47,438.66,468.72,484.05,498.38,513.87,534.83,545.49,553.65,513.30,505.49
843,Toyota,Supra 3.0GT Turbo A '88,N,401.61,436.37,470.20,486.88,499.28,513.83,533.57,543.26,550.49,513.43,506.44
3353,Renault,Clio R.S. 220 Trophy '16,N,401.77,439.25,470.12,484.37,498.18,513.06,524.33,534.34,542.00,514.52,505.35
3441,Mercedes-Benz,300 SL (W194) '52,X,398.62,434.88,466.16,482.94,496.80,512.84,530.56,540.65,548.56,512.82,502.35
301,Mitsubishi,Lancer Evolution IV GSR '96,N,417.37,450.67,478.85,490.84,498.78,511.96,531.83,540.86,549.08,512.92,513.86
959,Audi,TT Coupe 3.2 quattro '03,N,400.14,434.93,466.25,481.99,496.24,511.60,527.35,536.62,544.26,511.61,501.56
3471,Toyota,Celica GT-Four (ST205) '94,N,404.40,438.85,467.44,483.89,497.58,510.19,520.96,533.83,545.21,510.64,502.04
2141,Volkswagen,Golf VII GTI '14,N,397.53,431.74,461.64,477.52,491.20,505.62,520.71,530.04,537.31,507.31,498.91
2011,Ferrari,500 Mondial Pinin Farina Coupe '54,N,406.06,437.26,468.16,486.02,488.59,504.23,526.68,535.59,0,502.13,511.78
2172,DS AUTOMOBILES,DS 3 Racing '11,N,394.42,430.17,459.70,474.22,489.19,503.61,520.91,532.15,537.68,503.30,493.51
3466,Ford,Sierra RS 500 Cosworth '87,N,394.65,429.92,464.09,474.99,488.50,503.13,522.94,532.60,539.84,503.05,498.17
3344,BMW,M3 Sport Evolution '89,N,400.19,434.16,467.16,475.33,488.57,502.07,520.68,531.04,540.78,501.89,495.79
3215,Peugeot,208 GTi by Peugeot Sport '14,N,389.11,428.20,457.41,473.67,486.97,501.40,518.81,527.49,533.92,502.35,493.95
3513,Nissan,Silvia K's Type S (S14) '94,N,393.78,428.17,462.08,472.22,486.16,501.15,520.86,530.84,538.71,501.10,497.20
104,Nissan,Sileighty '98,N,395.69,428.57,462.18,473.84,486.67,500.84,520.30,529.87,537.22,500.28,498.73
203,Honda,Integra Type R (DC2) '98,N,397.57,434.27,463.46,475.42,486.53,499.48,516.73,527.00,534.76,500.35,497.80
3222,Toyota,86 GRMN '16,N,390.75,422.55,455.23,468.28,483.25,499.42,520.78,530.99,539.25,508.59,490.18
78,Nissan,Silvia K's Aero (S14) '96,N,390.97,425.93,459.42,470.56,484.02,498.74,518.39,528.27,536.34,498.66,494.72
374,Mazda,RX-7 GT-X (FC) '90,N,389.32,423.63,456.67,473.11,485.12,497.83,517.62,527.62,535.52,497.61,493.43
3336,Ford,F-150 SVT Raptor '11,N,402.23,434.38,459.74,469.03,482.82,497.51,513.57,521.96,529.13,497.53,488.77
688,Honda,Integra Type R (DC2) '95,N,396.98,432.90,461.81,473.49,484.69,497.43,513.65,523.47,530.82,497.59,495.79
24,Nissan,180SX Type X '96,N,390.77,424.13,458.15,469.14,482.91,497.06,516.70,525.90,533.43,496.61,495.01
3453,BMW,M3 '89,N,390.87,425.14,459.11,469.95,482.59,496.32,516.40,526.04,533.26,496.26,493.61
3295,Toyota,86 GT 'Limited' '16,N,379.92,413.95,448.27,461.65,478.95,494.22,510.52,520.82,529.07,494.26,483.01
1027,DMC,DeLorean S2 '04,N,382.02,416.47,449.52,463.80,478.57,493.78,515.04,524.79,532.51,493.29,489.42
1796,Alpine,A110 '72,N,380.85,415.36,447.48,464.91,478.76,493.36,513.54,529.50,529.55,493.45,484.23
3421,Maserati,Merak SS '80,N,382.55,417.34,449.76,463.21,476.74,491.23,511.58,520.94,528.68,490.88,485.21
3422,BMW,3.0 CSL '73,N,383.90,418.60,450.74,464.37,477.24,490.80,512.11,521.65,529.50,490.52,485.91
3413,Subaru,BRZ STI Sport '18,N,379.16,414.47,448.81,460.66,474.75,489.32,510.14,520.48,528.69,489.37,485.71
1900,Plymouth,XNR Ghia Roadster '60,N,381.59,416.94,446.03,462.35,474.59,489.06,506.97,516.47,524.19,488.93,481.00
3444,Ford,1932 Ford Roadster Hot Rod,N,372.80,411.00,444.33,456.16,471.55,488.80,501.84,512.44,526.53,492.01,482.17
2155,Volkswagen,Polo GTI '14,N,376.93,413.15,443.75,456.88,473.11,486.99,501.08,511.42,519.79,487.03,478.18
3368,Toyota,Tundra TRD Pro '19,N,388.36,421.72,449.70,462.88,474.43,486.47,502.88,511.57,519.37,486.13,479.76
2154,Toyota,86 GT '15,N,375.55,410.99,444.47,456.33,470.64,485.48,506.54,516.74,525.02,485.72,479.90
204,Honda,Civic Type R (EK) '98,N,377.35,412.49,437.57,454.57,465.55,485.33,496.78,506.70,513.83,485.28,473.17
387,Mercedes-Benz,300 SL Coupe '54,N,378.28,412.98,443.11,458.73,471.74,485.11,499.74,508.97,515.90,483.79,476.00
3354,Subaru,BRZ S '15,N,375.63,410.80,444.42,456.41,470.09,485.11,505.96,516.27,524.54,485.19,480.23
821,Honda,Civic Type R (EK) '97,N,375.89,411.54,436.09,452.86,464.22,484.38,495.35,505.30,512.26,484.43,470.97
173,Renault,R5 Turbo '80,N,370.83,405.26,438.96,454.77,468.17,482.86,500.47,509.90,517.94,482.66,475.20
1370,MINI,MINI Cooper S '05,N,369.80,407.71,437.02,453.18,468.06,482.70,496.73,511.08,517.97,483.19,473.01
3446,Porsche,Spyder type 550/1500RS '55,X,367.61,402.07,436.49,453.22,467.43,482.20,500.79,510.29,518.76,482.00,473.42
3454,BMW,3.0 CSL '71,N,372.88,407.47,438.98,455.06,469.03,481.88,502.57,512.58,520.46,481.15,476.43
829,Lancia,Delta HF Integrale Evoluzione '91,N,378.29,407.58,437.84,451.96,465.79,481.62,498.03,506.47,511.57,483.74,474.78
1985,Pontiac,Firebird Trans Am '78,N,369.26,403.54,434.06,448.16,462.17,477.12,498.12,508.39,516.48,476.95,469.14
1461,Nissan,Silvia K's Dia Selection (S13) '90,N,371.86,406.75,437.16,451.43,463.43,476.94,497.32,508.00,515.57,476.21,470.46
3429,Nissan,Fairlady Z 432 '69,N,365.61,401.30,431.35,447.07,460.61,473.99,489.51,499.41,506.33,473.06,465.38
2176,Peugeot,RCZ GT Line '15,N,359.75,391.33,423.25,443.36,458.38,473.48,483.15,492.41,500.33,473.62,462.97
604,Toyota,2000GT '67,N,362.33,397.56,428.12,445.50,457.39,471.71,488.00,497.02,505.33,471.72,463.77
3456,Suzuki,Swift Sport '17,N,360.38,395.97,425.92,436.10,453.19,469.55,482.52,490.44,497.02,469.06,459.84
48,Nissan,Fairlady 240ZG (HS30) '71,N,362.84,397.52,427.71,440.49,453.21,466.14,484.16,493.39,500.60,465.86,460.19
1933,Alfa Romeo,MiTo '09,N,358.12,392.24,422.13,436.65,450.37,464.82,482.15,484.79,492.96,464.81,455.81
3512,Mazda,Roadster NR-A (ND) '22,N,350.15,384.87,417.21,434.38,448.91,463.64,481.94,492.23,500.78,462.91,454.21
3415,Alfa Romeo,8C 2900B Touring Berlinetta '38,N,356.47,390.64,419.96,434.95,448.21,462.73,479.55,488.92,496.53,462.84,454.05
837,Nissan,Skyline Hard Top 2000GT-R (KPGC10) '70,N,353.74,389.09,418.07,431.81,446.95,461.44,476.34,485.70,493.43,454.00,453.85
2148,Mazda,Roadster S (ND) '15,N,346.87,381.39,414.26,431.22,444.91,460.27,477.37,487.89,496.98,460.21,451.03
2144,Toyota,S-FR '15,N,343.81,378.66,412.61,430.32,444.61,457.08,476.12,486.23,494.57,455.93,449.26
836,Nissan,Skyline 2000GT-R (KPGC110) '73,N,349.49,381.50,411.17,425.23,437.50,450.45,470.26,479.93,487.54,450.29,446.49
3365,Porsche,356 A/1500 GS GT Carrera Speedster '56,N,338.00,371.10,402.06,419.41,434.39,448.30,466.47,474.99,484.60,447.95,438.51
1973,Abarth,Abarth 500 '09,N,343.19,377.03,403.73,420.08,432.94,447.12,466.73,475.32,481.88,448.00,441.89
201,Mazda,Eunos Roadster (NA) '89,N,333.95,369.26,399.04,416.25,429.28,444.65,463.43,477.11,483.37,444.24,435.58
1537,Toyota,Prius G '09,N,340.44,373.35,402.35,413.80,427.81,443.97,462.32,472.07,480.15,443.24,435.28
3428,Mercedes-Benz,S Barker Tourer '29,N,342.60,373.22,399.75,413.61,427.50,442.25,461.52,471.36,479.45,444.20,433.85
919,Nissan,Silvia Q's (S13) '88,N,336.77,371.72,401.99,413.41,426.56,441.21,462.15,472.02,480.60,440.77,436.65
2173,Mazda,Atenza Sedan XD L Package '15,N,344.89,374.68,403.01,416.19,424.70,440.21,458.72,469.08,477.27,440.81,434.91
1385,Suzuki,Swift Sport '07,N,334.23,365.99,396.88,412.32,424.54,439.16,453.33,464.37,473.64,439.35,433.51
3266,BMW,i3 '15,X,325.37,361.03,394.93,410.31,423.45,437.53,461.46,471.87,479.99,437.65,430.13
63,Toyota,Corolla Levin 1600GT APEX (AE86) '83,N,335.75,370.42,399.96,409.31,422.20,436.53,454.84,465.34,472.57,435.63,432.53
810,Toyota,Sprinter Trueno 1600GT APEX (AE86) '83,N,335.68,370.40,399.85,409.07,422.19,436.53,454.84,465.10,472.62,435.62,432.37
3375,Porsche,356 A/1500 GS Carrera '56,N,322.71,355.73,387.55,405.30,419.33,435.06,452.71,461.63,472.16,434.75,425.73
1986,Renault,R8 Gordini '66,X,319.10,351.94,383.68,400.11,414.09,428.57,449.73,459.44,467.45,428.68,418.29
3403,Volkswagen,Golf I GTI '83,N,328.24,353.46,388.41,394.72,407.56,426.49,436.80,444.37,451.52,422.00,418.19
2026,Toyota,Aqua S '11,N,320.50,353.02,381.16,391.17,407.27,421.06,437.91,447.77,455.85,421.55,411.89
3370,Honda,Fit Hybrid '14,N,307.84,339.33,369.14,377.16,390.15,404.93,421.12,430.33,437.83,405.49,397.64
3383,Mazda,Demio XD Touring '15,N,294.25,323.00,352.39,366.96,381.78,395.84,410.75,421.32,429.12,399.21,388.58
3514,Citroen,DS 21 Pallas '70,N,287.51,321.09,350.84,366.23,380.10,394.82,416.89,426.30,436.38,394.80,384.90
3357,Honda,S660 '15,N,276.91,311.86,345.04,360.45,374.64,388.98,407.27,416.68,424.54,389.15,379.89
137,Honda,Beat '91,N,273.69,307.95,341.87,359.70,373.35,387.63,406.16,416.05,431.18,387.49,377.57
135,Honda,S800 '66,N,269.01,300.69,330.65,344.61,358.90,373.26,393.83,403.55,411.53,372.96,364.33
3442,Autobianchi,A112 Abarth '85,N,272.40,300.63,332.19,346.64,357.84,372.66,388.87,397.70,405.29,373.36,370.14
779,Suzuki,Cappuccino (EA11R) '91,N,258.55,292.95,322.80,339.10,351.96,367.15,387.87,398.20,407.04,366.74,358.12
145,Daihatsu,Copen '02,N,259.99,292.88,321.80,338.50,350.67,364.09,378.20,387.58,394.79,364.77,358.78
1932,Abarth,1500 Biposto Bertone B.A.T 1 '52,N,259.63,289.27,318.42,332.17,345.65,359.78,380.46,390.12,397.79,359.69,351.48
3356,MINI,Mini-Cooper 'S' '65,N,257.51,293.67,318.37,327.38,344.00,358.09,361.34,370.94,381.25,358.15,350.00
1527,Fiat,500 1.2 8V Lounge SS '08,N,252.57,279.95,309.21,321.92,335.24,349.60,369.87,379.32,386.85,349.73,340.70
1044,Toyota,Sports 800 '65,N,232.80,261.18,290.83,306.79,320.82,335.51,357.30,367.33,375.36,335.67,326.40
3438,Abarth,Abarth 595 SS '70,N,171.25,199.56,231.02,247.23,263.64,286.11,0,0,0,285.71,270.15
3430,Jeep,Willys MB '45,N,180.07,210.20,238.57,257.04,269.91,285.11,309.22,321.24,338.96,285.09,273.89
1778,Volkswagen,Volkswagen 1200 '66,N,177.83,215.88,241.71,259.09,273.45,284.90,317.17,331.62,346.89,285.13,276.42
1671,Volkswagen,Sambabus Typ 2 '62,N,116.31,147.02,175.80,193.04,206.31,221.09,257.73,277.23,294.55,220.82,211.89
1523,Fiat,500 F '68,N,85.97,116.17,142.63,161.75,180.09,191.90,226.92,238.93,243.90,193.60,184.13
