ID,PP,Tyre
1027,382.02,CH
1027,532.51,RS
1027,493.29,IM
1027,489.42,W
1027,465.73,D
1027,416.47,CM
1027,449.52,CS
1027,463.80,SH
1027,478.57,SM
1027,493.78,SS
1027,515.04,RH
1027,524.79,RM
1040,572.79,CH
1040,758.38,RS
1040,709.33,IM
1040,697.01,W
1040,632.96,CM
1040,663.35,CS
1040,672.31,SH
1040,689.82,SM
1040,709.09,SS
1040,735.95,RH
1040,748.28,RM
1044,232.80,CH
1044,375.36,RS
1044,335.67,IM
1044,326.40,W
1044,306.50,D
1044,261.18,CM
1044,290.83,CS
1044,306.79,SH
1044,320.82,SM
1044,335.51,SS
1044,357.30,RH
1044,367.33,RM
104,395.69,CH
104,537.22,RS
104,500.28,IM
104,498.73,W
104,473.67,D
104,428.57,CM
104,462.18,CS
104,473.84,SH
104,486.67,SM
104,500.84,SS
104,520.30,RH
104,529.87,RM
105,525.25,CH
105,677.57,RS
105,629.72,IM
105,619.51,W
105,603.71,D
105,562.13,CM
105,593.88,CS
105,597.36,SH
105,612.52,SM
105,630.08,SS
105,657.31,RH
105,667.66,RM
1067,690.11,CH
1067,873.83,RS
1067,826.24,IM
1067,814.62,W
1067,732.58,CM
1067,767.96,CS
1067,788.45,SH
1067,807.03,SM
1067,825.96,SS
1067,851.26,RH
1067,863.67,RM
1069,709.69,CH
1069,883.02,RS
1069,839.16,IM
1069,828.48,W
1069,748.69,CM
1069,785.66,CS
1069,806.48,SH
1069,822.66,SM
1069,839.52,SS
1069,863.87,RH
1069,874.67,RM
135,269.01,CH
135,411.53,RS
135,372.96,IM
135,364.33,W
135,345.89,D
135,300.69,CM
135,330.65,CS
135,344.61,SH
135,358.90,SM
135,373.26,SS
135,393.83,RH
135,403.55,RM
1365,470.76,CH
1365,625.02,RS
1365,584.60,IM
1365,574.42,W
1365,505.66,CM
1365,537.98,CS
1365,556.56,SH
1365,570.42,SM
1365,585.22,SS
1365,605.84,RH
1365,616.74,RM
1370,369.80,CH
1370,517.97,RS
1370,483.19,IM
1370,473.01,W
1370,449.45,D
1370,407.71,CM
1370,437.02,CS
1370,453.18,SH
1370,468.06,SM
1370,482.70,SS
1370,496.73,RH
1370,511.08,RM
1373,475.38,CH
1373,627.86,RS
1373,588.53,IM
1373,579.94,W
1373,553.76,D
1373,511.39,CM
1373,545.76,CS
1373,558.07,SH
1373,573.55,SM
1373,588.79,SS
1373,609.04,RH
1373,619.44,RM
1378,506.49,CH
1378,667.10,RS
1378,624.46,IM
1378,613.54,W
1378,542.84,CM
1378,574.26,CS
1378,592.18,SH
1378,607.63,SM
1378,624.61,SS
1378,647.36,RH
1378,658.60,RM
137,273.69,CH
137,431.18,RS
137,387.49,IM
137,377.57,W
137,357.93,D
137,307.95,CM
137,341.87,CS
137,359.70,SH
137,373.35,SM
137,387.63,SS
137,406.16,RH
137,416.05,RM
1384,435.09,CH
1384,584.78,RS
1384,544.75,IM
1384,539.58,W
1384,517.22,D
1384,471.14,CM
1384,505.23,CS
1384,516.70,SH
1384,529.97,SM
1384,544.75,SS
1384,566.49,RH
1384,576.86,RM
1385,334.23,CH
1385,473.64,RS
1385,439.35,IM
1385,433.51,W
1385,410.27,D
1385,365.99,CM
1385,396.88,CS
1385,412.32,SH
1385,424.54,SM
1385,439.16,SS
1385,453.33,RH
1385,464.37,RM
1399,457.97,CH
1399,605.84,RS
1399,565.58,IM
1399,556.86,W
1399,494.57,CM
1399,522.88,CS
1399,536.27,SH
1399,551.00,SM
1399,566.11,SS
1399,587.61,RH
1399,597.71,RM
1402,491.77,CH
1402,645.35,RS
1402,603.39,IM
1402,594.07,W
1402,572.93,D
1402,529.93,CM
1402,560.81,CS
1402,573.20,SH
1402,588.01,SM
1402,603.72,SS
1402,626.98,RH
1402,637.13,RM
1409,519.31,CH
1409,669.60,RS
1409,626.44,IM
1409,617.66,W
1409,549.44,CM
1409,580.88,CS
1409,597.31,SH
1409,611.97,SM
1409,626.56,SS
1409,651.15,RH
1409,661.34,RM
1410,462.32,CH
1410,615.00,RS
1410,579.71,IM
1410,573.29,W
1410,498.25,CM
1410,532.78,CS
1410,551.33,SH
1410,567.92,SM
1410,579.96,SS
1410,598.78,RH
1410,606.94,RM
1425,583.42,CH
1425,761.35,RS
1425,718.34,IM
1425,705.40,W
1425,621.40,CM
1425,656.66,CS
1425,677.34,SH
1425,699.37,SM
1425,716.91,SS
1425,738.51,RH
1425,751.09,RM
1426,513.50,CH
1426,669.77,RS
1426,631.52,IM
1426,621.99,W
1426,549.08,CM
1426,582.45,CS
1426,600.07,SH
1426,616.27,SM
1426,632.07,SS
1426,651.21,RH
1426,661.57,RM
1431,478.51,CH
1431,638.78,RS
1431,599.01,IM
1431,592.77,W
1431,517.91,CM
1431,552.90,CS
1431,566.38,SH
1431,580.72,SM
1431,600.04,SS
1431,618.02,RH
1431,628.41,RM
1433,548.08,CH
1433,714.17,RS
1433,685.00,IM
1433,670.05,W
1433,592.74,CM
1433,633.00,CS
1433,651.17,SH
1433,667.51,SM
1433,685.26,SS
1433,691.27,RH
1433,704.19,RM
1448,410.81,CH
1448,557.11,RS
1448,518.04,IM
1448,515.52,W
1448,492.81,D
1448,446.13,CM
1448,479.32,CS
1448,489.46,SH
1448,503.55,SM
1448,518.29,SS
1448,537.95,RH
1448,548.38,RM
1458,437.52,CH
1458,585.41,RS
1458,544.49,IM
1458,539.02,W
1458,515.46,D
1458,473.31,CM
1458,507.56,CS
1458,515.65,SH
1458,529.80,SM
1458,544.54,SS
1458,567.80,RH
1458,577.80,RM
145,259.99,CH
145,394.79,RS
145,364.77,IM
145,358.78,W
145,338.57,D
145,292.88,CM
145,321.80,CS
145,338.50,SH
145,350.67,SM
145,364.09,SS
145,378.20,RH
145,387.58,RM
1461,371.86,CH
1461,515.57,RS
1461,476.21,IM
1461,470.46,W
1461,450.08,D
1461,406.75,CM
1461,437.16,CS
1461,451.43,SH
1461,463.43,SM
1461,476.94,SS
1461,497.32,RH
1461,508.00,RM
1466,629.42,CH
1466,806.83,RS
1466,756.17,IM
1466,744.61,W
1466,666.96,CM
1466,702.02,CS
1466,720.53,SH
1466,737.13,SM
1466,756.14,SS
1466,783.26,RH
1466,796.61,RM
1470,562.22,CH
1470,734.40,RS
1470,693.48,IM
1470,687.91,W
1470,603.08,CM
1470,640.85,CS
1470,658.85,SH
1470,674.08,SM
1470,693.46,SS
1470,711.71,RH
1470,723.37,RM
1474,557.61,CH
1474,732.18,RS
1474,684.69,IM
1474,674.11,W
1474,597.04,CM
1474,632.88,CS
1474,651.87,SH
1474,669.02,SM
1474,684.92,SS
1474,712.57,RH
1474,723.42,RM
1480,519.07,CH
1480,681.81,RS
1480,650.53,IM
1480,628.29,W
1480,603.83,D
1480,556.80,CM
1480,589.97,CS
1480,608.44,SH
1480,623.55,SM
1480,639.68,SS
1480,663.59,RH
1480,674.20,RM
1481,471.10,CH
1481,618.41,RS
1481,578.39,IM
1481,568.98,W
1481,506.26,CM
1481,532.05,CS
1481,548.39,SH
1481,563.93,SM
1481,578.59,SS
1481,600.13,RH
1481,610.39,RM
1484,484.06,CH
1484,631.88,RS
1484,596.20,IM
1484,593.01,W
1484,520.95,CM
1484,555.86,CS
1484,568.40,SH
1484,582.22,SM
1484,596.68,SS
1484,614.66,RH
1484,624.29,RM
1504,525.24,CH
1504,684.13,RS
1504,642.86,IM
1504,632.60,W
1504,561.48,CM
1504,594.58,CS
1504,612.74,SH
1504,628.23,SM
1504,643.14,SS
1504,665.35,RH
1504,675.77,RM
1507,500.42,CH
1507,661.36,RS
1507,627.72,IM
1507,622.36,W
1507,533.30,CM
1507,578.96,CS
1507,585.75,SH
1507,602.62,SM
1507,627.85,SS
1507,642.47,RH
1507,652.95,RM
1508,435.81,CH
1508,573.83,RS
1508,533.79,IM
1508,540.29,W
1508,511.10,D
1508,469.29,CM
1508,503.41,CS
1508,505.53,SH
1508,525.50,SM
1508,533.55,SS
1508,556.02,RH
1508,566.10,RM
1510,626.18,CH
1510,806.00,RS
1510,757.05,IM
1510,744.88,W
1510,666.06,CM
1510,702.85,CS
1510,720.65,SH
1510,738.12,SM
1510,757.04,SS
1510,782.72,RH
1510,796.66,RM
1516,629.74,CH
1516,802.82,RS
1516,753.31,IM
1516,742.42,W
1516,665.50,CM
1516,702.25,CS
1516,716.48,SH
1516,734.67,SM
1516,753.26,SS
1516,779.73,RH
1516,792.51,RM
1523,85.97,CH
1523,243.90,RS
1523,193.60,IM
1523,184.13,W
1523,165.07,D
1523,116.17,CM
1523,142.63,CS
1523,161.75,SH
1523,180.09,SM
1523,191.90,SS
1523,226.92,RH
1523,238.93,RM
1527,252.57,CH
1527,386.85,RS
1527,349.73,IM
1527,340.70,W
1527,324.22,D
1527,279.95,CM
1527,309.21,CS
1527,321.92,SH
1527,335.24,SM
1527,349.60,SS
1527,369.87,RH
1527,379.32,RM
1528,508.35,CH
1528,674.16,RS
1528,630.78,IM
1528,620.20,W
1528,549.71,CM
1528,581.35,CS
1528,596.80,SH
1528,613.35,SM
1528,631.02,SS
1528,655.02,RH
1528,665.66,RM
1536,601.91,CH
1536,787.28,RS
1536,737.48,IM
1536,732.08,W
1536,642.09,CM
1536,690.86,CS
1536,700.98,SH
1536,721.18,SM
1536,737.90,SS
1536,764.68,RH
1536,777.56,RM
1537,340.44,CH
1537,480.15,RS
1537,443.24,IM
1537,435.28,W
1537,416.98,D
1537,373.35,CM
1537,402.35,CS
1537,413.80,SH
1537,427.81,SM
1537,443.97,SS
1537,462.32,RH
1537,472.07,RM
1539,459.27,CH
1539,606.67,RS
1539,567.42,IM
1539,559.02,W
1539,493.62,CM
1539,526.51,CS
1539,539.48,SH
1539,553.43,SM
1539,567.70,SS
1539,588.42,RH
1539,598.53,RM
1540,548.34,CH
1540,717.02,RS
1540,672.64,IM
1540,662.44,W
1540,586.96,CM
1540,623.02,CS
1540,640.96,SH
1540,656.51,SM
1540,672.92,SS
1540,695.84,RH
1540,707.33,RM
1542,413.78,CH
1542,559.08,RS
1542,522.29,IM
1542,514.95,W
1542,490.51,D
1542,448.63,CM
1542,480.14,CS
1542,494.61,SH
1542,508.00,SM
1542,522.61,SS
1542,541.07,RH
1542,551.47,RM
1543,420.62,CH
1543,565.53,RS
1543,529.58,IM
1543,526.13,W
1543,500.57,D
1543,457.63,CM
1543,488.46,CS
1543,501.40,SH
1543,515.48,SM
1543,530.00,SS
1543,548.45,RH
1543,558.36,RM
1545,516.69,CH
1545,681.62,RS
1545,636.63,IM
1545,624.54,W
1545,551.03,CM
1545,585.45,CS
1545,604.24,SH
1545,619.65,SM
1545,636.71,SS
1545,662.13,RH
1545,672.92,RM
1549,464.61,CH
1549,631.95,RS
1549,600.31,IM
1549,590.84,W
1549,511.90,CM
1549,546.73,CS
1549,567.05,SH
1549,582.25,SM
1549,600.36,SS
1549,612.08,RH
1549,623.20,RM
1551,553.56,CH
1551,726.36,RS
1551,682.31,IM
1551,672.68,W
1551,593.65,CM
1551,630.51,CS
1551,647.87,SH
1551,664.90,SM
1551,682.54,SS
1551,703.92,RH
1551,716.58,RM
1553,526.06,CH
1553,703.38,RS
1553,654.23,IM
1553,646.12,W
1553,564.53,CM
1553,602.56,CS
1553,618.53,SH
1553,635.44,SM
1553,654.38,SS
1553,681.32,RH
1553,693.20,RM
1563,500.92,CH
1563,672.94,RS
1563,636.65,IM
1563,626.05,W
1563,534.20,CM
1563,584.89,CS
1563,602.71,SH
1563,619.74,SM
1563,637.39,SS
1563,651.39,RH
1563,664.10,RM
1565,533.69,CH
1565,702.76,RS
1565,656.48,IM
1565,646.01,W
1565,572.26,CM
1565,603.99,CS
1565,622.25,SH
1565,638.83,SM
1565,656.86,SS
1565,680.98,RH
1565,693.45,RM
1578,471.37,CH
1578,622.54,RS
1578,583.20,IM
1578,574.21,W
1578,551.58,D
1578,507.68,CM
1578,540.15,CS
1578,553.60,SH
1578,568.63,SM
1578,583.67,SS
1578,603.64,RH
1578,614.00,RM
1581,509.54,CH
1581,674.89,RS
1581,630.79,IM
1581,615.71,W
1581,593.24,D
1581,547.52,CM
1581,582.68,CS
1581,597.23,SH
1581,613.43,SM
1581,631.29,SS
1581,652.87,RH
1581,665.00,RM
1582,494.43,CH
1582,643.22,RS
1582,607.81,IM
1582,604.51,W
1582,531.22,CM
1582,565.11,CS
1582,579.89,SH
1582,593.34,SM
1582,608.18,SS
1582,624.93,RH
1582,634.37,RM
1645,425.11,CH
1645,568.23,RS
1645,530.70,IM
1645,521.93,W
1645,459.09,CM
1645,489.11,CS
1645,503.44,SH
1645,520.28,SM
1645,530.76,SS
1645,550.96,RH
1645,560.50,RM
1646,723.70,CH
1646,904.16,RS
1646,855.48,IM
1646,843.26,W
1646,764.33,CM
1646,804.57,CS
1646,819.77,SH
1646,837.56,SM
1646,855.76,SS
1646,882.99,RH
1646,895.34,RM
1671,116.31,CH
1671,294.55,RS
1671,220.82,IM
1671,211.89,W
1671,189.54,D
1671,147.02,CM
1671,175.80,CS
1671,193.04,SH
1671,206.31,SM
1671,221.09,SS
1671,257.73,RH
1671,277.23,RM
1689,459.81,CH
1689,615.09,RS
1689,573.22,IM
1689,572.50,W
1689,496.52,CM
1689,531.82,CS
1689,541.13,SH
1689,557.86,SM
1689,573.15,SS
1689,596.98,RH
1689,607.59,RM
1722,530.66,CH
1722,696.55,RS
1722,652.14,IM
1722,642.88,W
1722,569.60,CM
1722,604.46,CS
1722,619.65,SH
1722,635.64,SM
1722,652.46,SS
1722,674.57,RH
1722,686.90,RM
1729,403.47,CH
1729,553.65,RS
1729,513.30,IM
1729,505.49,W
1729,480.14,D
1729,438.66,CM
1729,468.72,CS
1729,484.05,SH
1729,498.38,SM
1729,513.87,SS
1729,534.83,RH
1729,545.49,RM
173,370.83,CH
173,517.94,RS
173,482.66,IM
173,475.20,W
173,454.25,D
173,405.26,CM
173,438.96,CS
173,454.77,SH
173,468.17,SM
173,482.86,SS
173,500.47,RH
173,509.90,RM
1746,443.61,CH
1746,601.86,RS
1746,561.90,IM
1746,555.85,W
1746,480.09,CM
1746,514.85,CS
1746,526.78,SH
1746,541.29,SM
1746,561.54,SS
1746,582.63,RH
1746,593.34,RM
1770,534.41,CH
1770,701.17,RS
1770,655.38,IM
1770,645.61,W
1770,569.66,CM
1770,605.04,CS
1770,622.85,SH
1770,637.98,SM
1770,655.92,SS
1770,682.61,RH
1770,693.54,RM
1773,416.78,CH
1773,564.34,RS
1773,533.05,IM
1773,525.91,W
1773,494.79,D
1773,453.85,CM
1773,489.22,CS
1773,502.87,SH
1773,517.22,SM
1773,532.54,SS
1773,545.79,RH
1773,556.19,RM
1778,177.83,CH
1778,346.89,RS
1778,285.13,IM
1778,276.42,W
1778,254.47,D
1778,215.88,CM
1778,241.71,CS
1778,259.09,SH
1778,273.45,SM
1778,284.90,SS
1778,317.17,RH
1778,331.62,RM
1796,380.85,CH
1796,529.55,RS
1796,493.45,IM
1796,484.23,W
1796,461.13,D
1796,415.36,CM
1796,447.48,CS
1796,464.91,SH
1796,478.76,SM
1796,493.36,SS
1796,513.54,RH
1796,529.50,RM
1797,568.62,CH
1797,748.94,RS
1797,703.41,IM
1797,692.19,W
1797,611.67,CM
1797,650.49,CS
1797,669.23,SH
1797,685.80,SM
1797,703.67,SS
1797,728.04,RH
1797,740.99,RM
187,483.59,CH
187,630.88,RS
187,590.90,IM
187,591.21,W
187,563.88,D
187,519.76,CM
187,555.22,CS
187,562.69,SH
187,576.24,SM
187,591.33,SS
187,611.49,RH
187,622.06,RM
1893,452.04,CH
1893,603.38,RS
1893,562.65,IM
1893,561.59,W
1893,489.09,CM
1893,524.92,CS
1893,534.50,SH
1893,548.92,SM
1893,562.92,SS
1893,585.00,RH
1893,594.93,RM
1895,406.31,CH
1895,556.37,RS
1895,520.90,IM
1895,511.01,W
1895,440.34,CM
1895,473.84,CS
1895,492.51,SH
1895,506.17,SM
1895,520.79,SS
1895,538.93,RH
1895,548.47,RM
1896,444.08,CH
1896,606.58,RS
1896,568.76,IM
1896,559.59,W
1896,481.36,CM
1896,516.37,CS
1896,536.57,SH
1896,553.11,SM
1896,568.92,SS
1896,587.97,RH
1896,598.20,RM
1898,534.86,CH
1898,707.82,RS
1898,673.81,IM
1898,654.01,W
1898,574.65,CM
1898,611.66,CS
1898,628.64,SH
1898,645.73,SM
1898,663.90,SS
1898,688.47,RH
1898,699.18,RM
1900,381.59,CH
1900,524.19,RS
1900,488.93,IM
1900,481.00,W
1900,466.52,D
1900,416.94,CM
1900,446.03,CS
1900,462.35,SH
1900,474.59,SM
1900,489.06,SS
1900,506.97,RH
1900,516.47,RM
1902,557.94,CH
1902,729.32,RS
1902,692.16,IM
1902,682.28,W
1902,599.77,CM
1902,640.63,CS
1902,656.06,SH
1902,673.23,SM
1902,692.33,SS
1902,706.75,RH
1902,719.38,RM
1904,540.88,CH
1904,716.43,RS
1904,673.39,IM
1904,665.20,W
1904,589.99,CM
1904,624.11,CS
1904,636.20,SH
1904,653.23,SM
1904,672.23,SS
1904,693.93,RH
1904,706.59,RM
1905,547.41,CH
1905,717.19,RS
1905,685.12,IM
1905,668.51,W
1905,587.87,CM
1905,625.55,CS
1905,649.58,SH
1905,667.36,SM
1905,684.91,SS
1905,695.41,RH
1905,708.19,RM
1907,505.32,CH
1907,661.75,RS
1907,618.75,IM
1907,615.82,W
1907,589.06,D
1907,541.72,CM
1907,575.47,CS
1907,589.61,SH
1907,604.22,SM
1907,619.48,SS
1907,641.04,RH
1907,652.57,RM
1916,485.78,CH
1916,641.92,RS
1916,602.36,IM
1916,593.03,W
1916,567.38,D
1916,521.99,CM
1916,556.98,CS
1916,570.92,SH
1916,587.27,SM
1916,602.70,SS
1916,622.72,RH
1916,633.28,RM
1925,430.58,CH
1925,572.36,RS
1925,535.57,IM
1925,531.26,W
1925,507.11,D
1925,465.53,CM
1925,498.10,CS
1925,507.66,SH
1925,521.36,SM
1925,536.58,SS
1925,555.17,RH
1925,564.70,RM
1926,484.74,CH
1926,632.56,RS
1926,590.60,IM
1926,589.45,W
1926,521.22,CM
1926,556.06,CS
1926,562.08,SH
1926,575.94,SM
1926,591.10,SS
1926,612.64,RH
1926,623.72,RM
1927,528.04,CH
1927,697.84,RS
1927,654.82,IM
1927,647.71,W
1927,604.59,D
1927,564.12,CM
1927,603.52,CS
1927,617.34,SH
1927,638.05,SM
1927,655.14,SS
1927,676.35,RH
1927,688.39,RM
1931,434.47,CH
1931,579.62,RS
1931,547.36,IM
1931,536.45,W
1931,470.36,CM
1931,501.24,CS
1931,518.79,SH
1931,533.27,SM
1931,546.82,SS
1931,561.80,RH
1931,571.88,RM
1932,259.63,CH
1932,397.79,RS
1932,359.69,IM
1932,351.48,W
1932,335.48,D
1932,289.27,CM
1932,318.42,CS
1932,332.17,SH
1932,345.65,SM
1932,359.78,SS
1932,380.46,RH
1932,390.12,RM
1933,358.12,CH
1933,492.96,RS
1933,464.81,IM
1933,455.81,W
1933,433.55,D
1933,392.24,CM
1933,422.13,CS
1933,436.65,SH
1933,450.37,SM
1933,464.82,SS
1933,482.15,RH
1933,484.79,RM
1935,494.14,CH
1935,642.84,RS
1935,605.68,IM
1935,596.28,W
1935,527.89,CM
1935,559.93,CS
1935,573.87,SH
1935,590.95,SM
1935,605.96,SS
1935,624.20,RH
1935,634.08,RM
1956,514.97,CH
1956,669.83,RS
1956,627.60,IM
1956,618.24,W
1956,596.19,D
1956,553.13,CM
1956,587.46,CS
1956,598.28,SH
1956,612.62,SM
1956,627.75,SS
1956,652.15,RH
1956,661.47,RM
1965,688.69,CH
1965,870.81,RS
1965,821.18,IM
1965,808.69,W
1965,734.23,CM
1965,769.02,CS
1965,784.92,SH
1965,802.35,SM
1965,821.04,SS
1965,846.92,RH
1965,859.41,RM
1973,343.19,CH
1973,481.88,RS
1973,448.00,IM
1973,441.89,W
1973,417.38,D
1973,377.03,CM
1973,403.73,CS
1973,420.08,SH
1973,432.94,SM
1973,447.12,SS
1973,466.73,RH
1973,475.32,RM
1975,435.62,CH
1975,580.07,RS
1975,538.81,IM
1975,531.20,W
1975,511.23,D
1975,469.44,CM
1975,498.38,CS
1975,511.11,SH
1975,524.68,SM
1975,539.14,SS
1975,561.83,RH
1975,572.22,RM
1984,589.85,CH
1984,772.20,RS
1984,724.79,IM
1984,710.80,W
1984,630.23,CM
1984,668.22,CS
1984,687.17,SH
1984,705.62,SM
1984,724.98,SS
1984,749.06,RH
1984,761.94,RM
1985,369.26,CH
1985,516.48,RS
1985,476.95,IM
1985,469.14,W
1985,444.07,D
1985,403.54,CM
1985,434.06,CS
1985,448.16,SH
1985,462.17,SM
1985,477.12,SS
1985,498.12,RH
1985,508.39,RM
1986,319.10,CH
1986,467.45,RS
1986,428.68,IM
1986,418.29,W
1986,400.28,D
1986,351.94,CM
1986,383.68,CS
1986,400.11,SH
1986,414.09,SM
1986,428.57,SS
1986,449.73,RH
1986,459.44,RM
1987,412.49,CH
1987,563.89,RS
1987,528.60,IM
1987,519.24,W
1987,490.82,D
1987,447.99,CM
1987,483.62,CS
1987,498.65,SH
1987,513.42,SM
1987,529.48,SS
1987,540.77,RH
1987,551.39,RM
1990,513.43,CH
1990,669.68,RS
1990,630.33,IM
1990,620.23,W
1990,550.77,CM
1990,581.31,CS
1990,598.72,SH
1990,614.30,SM
1990,630.88,SS
1990,650.54,RH
1990,661.29,RM
2010,474.33,CH
2010,612.69,RS
2010,575.49,IM
2010,569.16,W
2010,510.13,CM
2010,535.17,CS
2010,548.97,SH
2010,561.56,SM
2010,575.97,SS
2010,595.85,RH
2010,605.54,RM
2011,406.06,CH
2011,502.13,IM
2011,511.78,W
2011,437.26,CM
2011,468.16,CS
2011,486.02,SH
2011,488.59,SM
2011,504.23,SS
2011,526.68,RH
2011,535.59,RM
2017,485.54,CH
2017,637.80,RS
2017,598.70,IM
2017,595.97,W
2017,570.61,D
2017,523.36,CM
2017,559.21,CS
2017,570.49,SH
2017,584.32,SM
2017,599.00,SS
2017,619.33,RH
2017,629.63,RM
2018,468.43,CH
2018,618.88,RS
2018,577.62,IM
2018,574.35,W
2018,505.60,CM
2018,541.26,CS
2018,549.73,SH
2018,564.01,SM
2018,577.93,SS
2018,600.17,RH
2018,611.52,RM
201,333.95,CH
201,483.37,RS
201,444.24,IM
201,435.58,W
201,412.62,D
201,369.26,CM
201,399.04,CS
201,416.25,SH
201,429.28,SM
201,444.65,SS
201,463.43,RH
201,477.11,RM
2026,320.50,CH
2026,455.85,RS
2026,421.55,IM
2026,411.89,W
2026,396.01,D
2026,353.02,CM
2026,381.16,CS
2026,391.17,SH
2026,407.27,SM
2026,421.06,SS
2026,437.91,RH
2026,447.77,RM
203,397.57,CH
203,534.76,RS
203,500.35,IM
203,497.80,W
203,472.11,D
203,434.27,CM
203,463.46,CS
203,475.42,SH
203,486.53,SM
203,499.48,SS
203,516.73,RH
203,527.00,RM
2049,565.49,CH
2049,722.57,RS
2049,686.37,IM
2049,674.94,W
2049,599.57,CM
2049,634.91,CS
2049,653.63,SH
2049,669.17,SM
2049,687.05,SS
2049,704.13,RH
2049,714.41,RM
204,377.35,CH
204,513.83,RS
204,485.28,IM
204,473.17,W
204,455.80,D
204,412.49,CM
204,437.57,CS
204,454.57,SH
204,465.55,SM
204,485.33,SS
204,496.78,RH
204,506.70,RM
2050,583.40,CH
2050,753.65,RS
2050,708.22,IM
2050,697.02,W
2050,621.97,CM
2050,656.91,CS
2050,674.78,SH
2050,691.23,SM
2050,708.29,SS
2050,733.68,RH
2050,744.87,RM
2051,431.19,CH
2051,580.43,RS
2051,541.99,IM
2051,536.71,W
2051,514.18,D
2051,468.24,CM
2051,504.49,CS
2051,513.20,SH
2051,527.37,SM
2051,541.95,SS
2051,562.13,RH
2051,572.11,RM
2055,545.43,CH
2055,720.94,RS
2055,674.19,IM
2055,662.35,W
2055,582.71,CM
2055,620.35,CS
2055,635.04,SH
2055,652.65,SM
2055,684.63,SS
2055,698.46,RH
2055,710.94,RM
2059,444.31,CH
2059,605.90,RS
2059,567.02,IM
2059,557.01,W
2059,481.50,CM
2059,517.53,CS
2059,537.23,SH
2059,550.11,SM
2059,567.33,SS
2059,588.05,RH
2059,597.91,RM
205,436.43,CH
205,587.80,RS
205,554.91,IM
205,544.86,W
205,515.30,D
205,472.64,CM
205,508.18,CS
205,518.18,SH
205,532.57,SM
205,554.91,SS
205,569.25,RH
205,579.86,RM
2060,584.03,SS
2074,474.92,CH
2074,625.18,RS
2074,587.14,IM
2074,578.70,W
2074,511.87,CM
2074,545.75,CS
2074,557.79,SH
2074,572.48,SM
2074,587.73,SS
2074,606.25,RH
2074,616.81,RM
2076,573.56,CH
2076,749.71,RS
2076,701.81,IM
2076,688.90,W
2076,611.27,CM
2076,647.50,CS
2076,665.33,SH
2076,682.86,SM
2076,701.61,SS
2076,728.43,RH
2076,741.11,RM
2077,864.62,CH
2077,1050.80,RS
2077,1002.67,IM
2077,989.05,W
2077,922.76,CM
2077,952.51,CS
2077,966.69,SH
2077,984.29,SM
2077,1002.64,SS
2077,1027.23,RH
2077,1039.72,RM
2078,526.30,CH
2078,697.83,RS
2078,656.04,IM
2078,637.57,W
2078,562.43,CM
2078,596.08,CS
2078,614.09,SH
2078,630.99,SM
2078,648.98,SS
2078,675.41,RH
2078,687.94,RM
207,415.47,CH
207,560.57,RS
207,525.23,IM
207,521.40,W
207,499.37,D
207,449.25,CM
207,482.02,CS
207,498.12,SH
207,512.80,SM
207,525.67,SS
207,541.77,RH
207,552.68,RM
2080,494.25,CH
2080,656.79,RS
2080,627.52,IM
2080,618.36,W
2080,542.50,CM
2080,578.44,CS
2080,598.23,SH
2080,612.06,SM
2080,627.53,SS
2080,637.56,RH
2080,648.28,RM
2087,550.46,CH
2087,732.05,RS
2087,691.34,IM
2087,683.81,W
2087,598.01,CM
2087,642.21,CS
2087,658.22,SH
2087,674.55,SM
2087,692.61,SS
2087,709.32,RH
2087,722.69,RM
2095,527.32,CH
2095,705.52,RS
2095,654.22,IM
2095,638.96,W
2095,610.44,D
2095,558.80,CM
2095,595.51,CS
2095,620.53,SH
2095,637.14,SM
2095,654.19,SS
2095,681.83,RH
2095,693.63,RM
2098,532.87,CH
2098,709.07,RS
2098,683.56,IM
2098,664.99,W
2098,585.15,CM
2098,619.71,CS
2098,647.87,SH
2098,664.80,SM
2098,682.71,SS
2098,686.61,RH
2098,699.01,RM
2099,583.12,CH
2099,758.76,RS
2099,715.66,IM
2099,701.76,W
2099,659.24,D
2099,621.39,CM
2099,658.57,CS
2099,675.11,SH
2099,693.45,SM
2099,715.63,SS
2099,736.45,RH
2099,748.52,RM
2101,700.36,CH
2101,881.92,RS
2101,832.94,IM
2101,820.63,W
2101,739.64,CM
2101,776.54,CS
2101,797.79,SH
2101,813.64,SM
2101,832.78,SS
2101,859.50,RH
2101,872.40,RM
2103,552.79,CH
2103,723.69,RS
2103,675.65,IM
2103,664.12,W
2103,588.73,CM
2103,623.34,CS
2103,643.32,SH
2103,658.63,SM
2103,676.22,SS
2103,703.26,RH
2103,711.58,RM
2106,591.81,CH
2106,775.45,RS
2106,726.71,IM
2106,717.46,W
2106,641.99,CM
2106,684.79,CS
2106,689.64,SH
2106,707.71,SM
2106,726.71,SS
2106,752.32,RH
2106,765.38,RM
2107,919.41,CH
2107,1038.65,RS
2107,1003.19,IM
2107,993.37,W
2107,939.96,CM
2107,962.65,CS
2107,971.28,SH
2107,985.53,SM
2107,1002.73,SS
2107,1019.67,RH
2107,1029.46,RM
2108,1197.62,CH
2108,1358.91,RS
2108,1327.64,IM
2108,1315.50,W
2108,1236.03,CM
2108,1269.20,CS
2108,1288.68,SH
2108,1310.62,SM
2108,1327.66,SS
2108,1349.79,RH
2108,1356.33,RM
2109,505.31,CH
2109,670.13,RS
2109,633.06,IM
2109,624.83,W
2109,592.25,D
2109,551.60,CM
2109,586.08,CS
2109,596.70,SH
2109,614.51,SM
2109,633.08,SS
2109,648.11,RH
2109,659.82,RM
210,442.92,CH
210,583.29,RS
210,545.79,IM
210,544.30,W
210,520.00,D
210,477.20,CM
210,509.70,CS
210,517.83,SH
210,531.45,SM
210,546.03,SS
210,565.11,RH
210,575.18,RM
2110,998.16,CH
2110,1164.53,RS
2110,1118.59,IM
2110,1106.60,W
2110,1034.51,CM
2110,1068.66,CS
2110,1087.13,SH
2110,1102.18,SM
2110,1118.62,SS
2110,1139.83,RH
2110,1154.64,RM
2111,846.24,CH
2111,1010.12,RS
2111,964.97,IM
2111,957.67,W
2111,881.20,CM
2111,915.26,CS
2111,933.96,SH
2111,949.94,SM
2111,969.55,SS
2111,990.04,RH
2111,1001.05,RM
2112,568.06,CH
2112,739.96,RS
2112,698.08,IM
2112,690.76,W
2112,606.52,CM
2112,644.90,CS
2112,661.64,SH
2112,678.48,SM
2112,696.22,SS
2112,718.85,RH
2112,732.47,RM
2113,629.11,CH
2113,782.30,RS
2113,746.76,IM
2113,758.23,W
2113,675.13,CM
2113,706.32,CS
2113,707.32,SH
2113,725.95,SM
2113,744.95,SS
2113,758.21,RH
2113,771.41,RM
2116,593.40,CH
2116,769.39,RS
2116,720.67,IM
2116,716.41,W
2116,638.36,CM
2116,677.07,CS
2116,687.49,SH
2116,703.46,SM
2116,719.71,SS
2116,742.45,RH
2116,757.98,RM
2117,538.36,CH
2117,714.17,RS
2117,670.07,IM
2117,656.01,W
2117,616.70,D
2117,577.29,CM
2117,613.89,CS
2117,633.75,SH
2117,651.21,SM
2117,670.10,SS
2117,692.77,RH
2117,704.91,RM
2118,762.49,CH
2118,936.86,RS
2118,888.37,IM
2118,879.01,W
2118,811.40,CM
2118,835.84,CS
2118,853.48,SH
2118,870.12,SM
2118,888.28,SS
2118,915.97,RH
2118,926.94,RM
2119,641.01,CH
2119,820.73,RS
2119,775.50,IM
2119,761.60,W
2119,681.85,CM
2119,717.58,CS
2119,738.69,SH
2119,756.57,SM
2119,775.40,SS
2119,800.68,RH
2119,811.86,RM
211,433.09,CH
211,568.51,RS
211,534.66,IM
211,528.80,W
211,507.14,D
211,468.54,CM
211,500.11,CS
211,500.39,SH
211,514.28,SM
211,528.03,SS
211,551.47,RH
211,560.32,RM
2120,641.56,CH
2120,814.83,RS
2120,770.90,IM
2120,761.15,W
2120,710.53,D
2120,681.94,CM
2120,717.22,CS
2120,736.49,SH
2120,753.65,SM
2120,770.79,SS
2120,793.38,RH
2120,805.49,RM
2121,545.85,CH
2121,712.71,RS
2121,683.68,IM
2121,671.90,W
2121,590.58,CM
2121,626.65,CS
2121,651.83,SH
2121,667.96,SM
2121,683.79,SS
2121,692.92,RH
2121,705.05,RM
2122,548.44,CH
2122,723.52,RS
2122,679.86,IM
2122,674.50,W
2122,595.24,CM
2122,633.34,CS
2122,645.15,SH
2122,662.38,SM
2122,681.15,SS
2122,699.87,RH
2122,713.19,RM
2123,661.47,CH
2123,829.01,RS
2123,780.34,IM
2123,774.28,W
2123,699.74,CM
2123,731.97,CS
2123,744.78,SH
2123,761.84,SM
2123,780.47,SS
2123,806.47,RH
2123,819.35,RM
2124,549.76,CH
2124,716.79,RS
2124,683.46,IM
2124,673.08,W
2124,596.55,CM
2124,632.09,CS
2124,648.75,SH
2124,665.22,SM
2124,683.63,SS
2124,694.07,RH
2124,706.36,RM
2127,711.65,CH
2127,893.65,RS
2127,840.89,IM
2127,829.36,W
2127,750.67,CM
2127,786.02,CS
2127,807.10,SH
2127,823.75,SM
2127,840.98,SS
2127,864.62,RH
2127,876.36,RM
2131,567.97,CH
2131,741.13,RS
2131,696.63,IM
2131,687.62,W
2131,614.81,CM
2131,649.03,CS
2131,660.68,SH
2131,677.72,SM
2131,695.98,SS
2131,718.55,RH
2131,731.14,RM
2134,770.91,CH
2134,923.74,RS
2134,890.00,IM
2134,877.73,W
2134,792.36,CM
2134,827.51,CS
2134,855.07,SH
2134,872.45,SM
2134,886.93,SS
2134,910.45,RH
2134,912.02,RM
2135,780.82,CH
2135,949.51,RS
2135,902.29,IM
2135,887.82,W
2135,815.64,CM
2135,848.77,CS
2135,868.67,SH
2135,884.97,SM
2135,902.50,SS
2135,927.44,RH
2135,939.73,RM
2136,445.70,CH
2136,592.33,RS
2136,553.51,IM
2136,553.06,W
2136,527.80,D
2136,480.77,CM
2136,514.64,CS
2136,524.46,SH
2136,540.18,SM
2136,554.04,SS
2136,574.81,RH
2136,584.51,RM
2138,454.18,CH
2138,605.53,RS
2138,565.14,IM
2138,559.57,W
2138,532.63,D
2138,493.08,CM
2138,526.48,CS
2138,537.26,SH
2138,551.19,SM
2138,565.18,SS
2138,586.79,RH
2138,597.22,RM
2139,469.56,CH
2139,618.86,RS
2139,578.26,IM
2139,572.46,W
2139,506.52,CM
2139,540.41,CS
2139,548.78,SH
2139,563.11,SM
2139,577.42,SS
2139,600.42,RH
2139,610.65,RM
2141,397.53,CH
2141,537.31,RS
2141,507.31,IM
2141,498.91,W
2141,473.17,D
2141,431.74,CM
2141,461.64,CS
2141,477.52,SH
2141,491.20,SM
2141,505.62,SS
2141,520.71,RH
2141,530.04,RM
2142,581.43,CH
2142,747.81,RS
2142,702.30,IM
2142,694.41,W
2142,619.63,CM
2142,656.30,CS
2142,668.24,SH
2142,685.73,SM
2142,703.00,SS
2142,726.93,RH
2142,738.44,RM
2143,590.78,CH
2143,761.68,RS
2143,717.19,IM
2143,702.79,W
2143,627.19,CM
2143,662.13,CS
2143,679.11,SH
2143,695.82,SM
2143,714.20,SS
2143,740.26,RH
2143,751.45,RM
2144,343.81,CH
2144,494.57,RS
2144,455.93,IM
2144,449.26,W
2144,424.95,D
2144,378.66,CM
2144,412.61,CS
2144,430.32,SH
2144,444.61,SM
2144,457.08,SS
2144,476.12,RH
2144,486.23,RM
2145,404.47,CH
2145,557.55,RS
2145,519.61,IM
2145,510.85,W
2145,486.13,D
2145,441.59,CM
2145,476.61,CS
2145,491.60,SH
2145,504.99,SM
2145,520.87,SS
2145,539.26,RH
2145,549.84,RM
2146,493.62,CH
2146,639.35,RS
2146,598.76,IM
2146,589.16,W
2146,523.91,CM
2146,552.27,CS
2146,569.02,SH
2146,583.90,SM
2146,599.05,SS
2146,623.35,RH
2146,633.54,RM
2147,584.92,CH
2147,747.76,RS
2147,703.68,IM
2147,692.02,W
2147,619.87,CM
2147,653.24,CS
2147,672.10,SH
2147,687.30,SM
2147,703.72,SS
2147,728.13,RH
2147,739.17,RM
2148,346.87,CH
2148,496.98,RS
2148,460.21,IM
2148,451.03,W
2148,426.52,D
2148,381.39,CM
2148,414.26,CS
2148,431.22,SH
2148,444.91,SM
2148,460.27,SS
2148,477.37,RH
2148,487.89,RM
2149,502.54,CH
2149,650.22,RS
2149,625.66,IM
2149,613.72,W
2149,536.49,CM
2149,572.84,CS
2149,592.04,SH
2149,608.83,SM
2149,625.80,SS
2149,630.76,RH
2149,641.92,RM
2150,438.64,CH
2150,568.67,RS
2150,540.28,IM
2150,532.30,W
2150,507.69,D
2150,470.51,CM
2150,499.24,CS
2150,511.89,SH
2150,524.83,SM
2150,541.30,SS
2150,551.55,RH
2150,561.35,RM
2152,500.19,CH
2152,660.65,RS
2152,622.56,IM
2152,615.13,W
2152,583.34,D
2152,539.47,CM
2152,577.10,CS
2152,596.70,SH
2152,609.80,SM
2152,622.86,SS
2152,641.69,RH
2152,652.10,RM
2153,423.35,CH
2153,562.03,RS
2153,524.98,IM
2153,526.10,W
2153,498.01,D
2153,458.26,CM
2153,488.60,CS
2153,495.88,SH
2153,510.21,SM
2153,525.11,SS
2153,543.74,RH
2153,553.90,RM
2154,375.55,CH
2154,525.02,RS
2154,485.72,IM
2154,479.90,W
2154,454.80,D
2154,410.99,CM
2154,444.47,CS
2154,456.33,SH
2154,470.64,SM
2154,485.48,SS
2154,506.54,RH
2154,516.74,RM
2155,376.93,CH
2155,519.79,RS
2155,487.03,IM
2155,478.18,W
2155,455.69,D
2155,413.15,CM
2155,443.75,CS
2155,456.88,SH
2155,473.11,SM
2155,486.99,SS
2155,501.08,RH
2155,511.42,RM
2156,473.20,CH
2156,642.74,RS
2156,604.57,IM
2156,598.75,W
2156,517.82,CM
2156,555.66,CS
2156,569.15,SH
2156,586.18,SM
2156,606.35,SS
2156,623.41,RH
2156,633.86,RM
2157,496.58,CH
2157,663.36,RS
2157,615.42,IM
2157,603.98,W
2157,533.18,CM
2157,565.55,CS
2157,578.67,SH
2157,596.13,SM
2157,615.24,SS
2157,640.89,RH
2157,653.31,RM
2158,578.32,CH
2158,750.01,RS
2158,706.21,IM
2158,690.20,W
2158,614.49,CM
2158,648.51,CS
2158,667.12,SH
2158,684.06,SM
2158,706.35,SS
2158,730.38,RH
2158,739.56,RM
2159,559.94,CH
2159,724.56,RS
2159,683.58,IM
2159,673.81,W
2159,597.87,CM
2159,633.13,CS
2159,647.16,SH
2159,664.44,SM
2159,683.71,SS
2159,702.70,RH
2159,714.26,RM
2160,559.68,CH
2160,729.34,RS
2160,688.09,IM
2160,678.37,W
2160,601.08,CM
2160,637.30,CS
2160,651.80,SH
2160,669.27,SM
2160,688.63,SS
2160,706.90,RH
2160,719.35,RM
2161,492.65,CH
2161,653.73,RS
2161,615.93,IM
2161,606.61,W
2161,527.24,CM
2161,556.79,CS
2161,577.14,SH
2161,602.53,SM
2161,616.01,SS
2161,633.34,RH
2161,644.43,RM
2162,603.79,CH
2162,783.29,RS
2162,732.37,IM
2162,721.91,W
2162,645.01,CM
2162,680.99,CS
2162,699.41,SH
2162,714.96,SM
2162,732.51,SS
2162,761.82,RH
2162,773.15,RM
2163,477.67,CH
2163,646.13,RS
2163,607.86,IM
2163,594.67,W
2163,511.30,CM
2163,551.99,CS
2163,572.53,SH
2163,589.66,SM
2163,607.81,SS
2163,623.20,RH
2163,636.09,RM
2164,485.74,CH
2164,654.13,RS
2164,611.16,IM
2164,596.96,W
2164,520.27,CM
2164,555.23,CS
2164,570.93,SH
2164,587.63,SM
2164,606.02,SS
2164,630.70,RH
2164,644.40,RM
2166,478.09,CH
2166,644.74,RS
2166,593.63,IM
2166,584.55,W
2166,515.15,CM
2166,551.05,CS
2166,559.88,SH
2166,576.15,SM
2166,593.80,SS
2166,620.15,RH
2166,634.74,RM
2167,509.92,CH
2167,647.74,RS
2167,616.34,IM
2167,607.33,W
2167,584.62,D
2167,543.14,CM
2167,573.47,CS
2167,588.71,SH
2167,602.73,SM
2167,616.48,SS
2167,635.66,RH
2167,640.18,RM
2169,449.11,CH
2169,587.47,RS
2169,559.55,IM
2169,549.60,W
2169,521.58,D
2169,483.99,CM
2169,512.89,CS
2169,530.43,SH
2169,544.30,SM
2169,559.53,SS
2169,570.11,RH
2169,579.81,RM
216,649.77,CH
216,825.67,RS
216,776.68,IM
216,765.63,W
216,682.81,CM
216,727.28,CS
216,739.66,SH
216,757.56,SM
216,776.70,SS
216,802.32,RH
216,815.43,RM
2170,444.65,CH
2170,582.36,RS
2170,545.71,IM
2170,544.82,W
2170,518.05,D
2170,478.42,CM
2170,508.02,CS
2170,518.55,SH
2170,539.32,SM
2170,545.85,SS
2170,565.13,RH
2170,574.57,RM
2171,541.32,CH
2171,699.33,RS
2171,658.28,IM
2171,647.18,W
2171,573.17,CM
2171,608.02,CS
2171,625.48,SH
2171,640.73,SM
2171,658.50,SS
2171,679.90,RH
2171,690.68,RM
2172,394.42,CH
2172,537.68,RS
2172,503.30,IM
2172,493.51,W
2172,469.71,D
2172,430.17,CM
2172,459.70,CS
2172,474.22,SH
2172,489.19,SM
2172,503.61,SS
2172,520.91,RH
2172,532.15,RM
2173,344.89,CH
2173,477.27,RS
2173,440.81,IM
2173,434.91,W
2173,414.89,D
2173,374.68,CM
2173,403.01,CS
2173,416.19,SH
2173,424.70,SM
2173,440.21,SS
2173,458.72,RH
2173,469.08,RM
2174,540.51,CH
2174,705.43,RS
2174,662.58,IM
2174,653.95,W
2174,580.20,CM
2174,615.23,CS
2174,629.76,SH
2174,645.69,SM
2174,662.92,SS
2174,683.91,RH
2174,696.09,RM
2175,467.70,CH
2175,620.52,RS
2175,581.76,IM
2175,574.10,W
2175,505.37,CM
2175,538.96,CS
2175,552.05,SH
2175,566.48,SM
2175,581.85,SS
2175,601.80,RH
2175,612.23,RM
2176,359.75,CH
2176,500.33,RS
2176,473.62,IM
2176,462.97,W
2176,432.90,D
2176,391.33,CM
2176,423.25,CS
2176,443.36,SH
2176,458.38,SM
2176,473.48,SS
2176,483.15,RH
2176,492.41,RM
2177,586.95,CH
2177,759.38,RS
2177,714.31,IM
2177,700.02,W
2177,623.93,CM
2177,659.09,CS
2177,676.77,SH
2177,693.47,SM
2177,711.72,SS
2177,737.24,RH
2177,749.29,RM
2178,466.60,CH
2178,627.28,RS
2178,584.68,IM
2178,582.28,W
2178,508.30,CM
2178,543.30,CS
2178,551.18,SH
2178,567.22,SM
2178,585.23,SS
2178,607.97,RH
2178,618.91,RM
2179,731.58,CH
2179,900.62,RS
2179,855.85,IM
2179,850.83,W
2179,776.24,CM
2179,814.41,CS
2179,821.62,SH
2179,838.47,SM
2179,855.85,SS
2179,879.67,RH
2179,891.03,RM
2180,726.02,CH
2180,893.18,RS
2180,846.93,IM
2180,847.58,W
2180,760.57,CM
2180,804.75,CS
2180,812.72,SH
2180,831.47,SM
2180,852.65,SS
2180,870.69,RH
2180,882.86,RM
2181,738.74,CH
2181,904.87,RS
2181,858.00,IM
2181,852.29,W
2181,775.34,CM
2181,811.36,CS
2181,823.31,SH
2181,839.98,SM
2181,858.00,SS
2181,882.96,RH
2181,895.06,RM
2182,559.86,CH
2182,735.57,RS
2182,687.92,IM
2182,677.31,W
2182,595.86,CM
2182,638.56,CS
2182,653.26,SH
2182,669.85,SM
2182,686.76,SS
2182,714.45,RH
2182,725.76,RM
2183,561.29,CH
2183,742.53,RS
2183,695.70,IM
2183,683.69,W
2183,599.18,CM
2183,642.19,CS
2183,660.85,SH
2183,678.30,SM
2183,695.91,SS
2183,719.48,RH
2183,732.59,RM
2184,569.48,CH
2184,737.65,RS
2184,694.08,IM
2184,687.27,W
2184,610.84,CM
2184,646.63,CS
2184,659.67,SH
2184,675.75,SM
2184,694.21,SS
2184,714.63,RH
2184,727.38,RM
2185,563.12,CH
2185,733.45,RS
2185,701.04,IM
2185,690.43,W
2185,603.77,CM
2185,643.37,CS
2185,664.25,SH
2185,681.88,SM
2185,701.29,SS
2185,710.29,RH
2185,723.69,RM
2186,561.44,CH
2186,732.24,RS
2186,696.94,IM
2186,689.31,W
2186,602.01,CM
2186,645.72,CS
2186,661.55,SH
2186,678.86,SM
2186,697.23,SS
2186,708.96,RH
2186,722.01,RM
2187,549.04,CH
2187,730.74,RS
2187,684.91,IM
2187,680.57,W
2187,604.68,CM
2187,641.39,CS
2187,653.19,SH
2187,668.44,SM
2187,685.30,SS
2187,706.72,RH
2187,720.46,RM
2188,570.84,CH
2188,744.32,RS
2188,692.05,IM
2188,681.47,W
2188,606.49,CM
2188,642.21,CS
2188,659.39,SH
2188,675.39,SM
2188,692.07,SS
2188,721.56,RH
2188,734.18,RM
2190,590.22,CH
2190,765.94,RS
2190,719.47,IM
2190,710.59,W
2190,627.39,CM
2190,663.03,CS
2190,681.33,SH
2190,704.55,SM
2190,721.71,SS
2190,743.98,RH
2190,755.71,RM
2192,534.39,CH
2192,716.42,RS
2192,677.96,IM
2192,671.47,W
2192,577.65,CM
2192,616.44,CS
2192,645.59,SH
2192,662.77,SM
2192,679.90,SS
2192,693.33,RH
2192,706.30,RM
24,390.77,CH
24,533.43,RS
24,496.61,IM
24,495.01,W
24,469.60,D
24,424.13,CM
24,458.15,CS
24,469.14,SH
24,482.91,SM
24,497.06,SS
24,516.70,RH
24,525.90,RM
293,445.13,CH
293,596.26,RS
293,559.33,IM
293,553.29,W
293,527.53,D
293,479.22,CM
293,512.89,CS
293,528.14,SH
293,544.71,SM
293,559.78,SS
293,579.53,RH
293,589.15,RM
296,675.48,CH
296,852.85,RS
296,805.04,IM
296,798.03,W
296,717.33,CM
296,753.38,CS
296,766.55,SH
296,785.46,SM
296,804.69,SS
296,832.67,RH
296,842.51,RM
301,417.37,CH
301,549.08,RS
301,512.92,IM
301,513.86,W
301,492.53,D
301,450.67,CM
301,478.85,CS
301,490.84,SH
301,498.78,SM
301,511.96,SS
301,531.83,RH
301,540.86,RM
315,504.39,CH
315,661.09,RS
315,625.42,IM
315,617.59,W
315,585.88,D
315,543.32,CM
315,580.14,CS
315,596.38,SH
315,610.72,SM
315,625.14,SS
315,645.00,RH
315,654.25,RM
3183,548.29,CH
3183,727.87,RS
3183,679.18,IM
3183,681.84,W
3183,590.36,CM
3183,625.78,CS
3183,645.12,SH
3183,661.62,SM
3183,679.33,SS
3183,704.47,RH
3183,717.63,RM
3185,565.93,CH
3185,737.09,RS
3185,698.47,IM
3185,678.09,W
3185,604.80,CM
3185,634.74,CS
3185,651.07,SH
3185,669.90,SM
3185,694.43,SS
3185,714.51,RH
3185,726.98,RM
3187,713.21,CH
3187,888.03,RS
3187,847.03,IM
3187,843.23,W
3187,763.03,CM
3187,787.32,CS
3187,811.37,SH
3187,828.22,SM
3187,845.67,SS
3187,865.91,RH
3187,878.32,RM
3188,731.98,CH
3188,899.99,RS
3188,852.74,IM
3188,840.43,W
3188,769.16,CM
3188,804.76,CS
3188,817.27,SH
3188,834.26,SM
3188,852.81,SS
3188,877.99,RH
3188,890.13,RM
3192,493.51,CH
3192,663.85,RS
3192,616.60,IM
3192,600.37,W
3192,528.93,CM
3192,562.17,CS
3192,579.66,SH
3192,596.61,SM
3192,615.83,SS
3192,641.18,RH
3192,653.75,RM
31,411.73,CH
31,555.86,RS
31,517.68,IM
31,513.44,W
31,487.42,D
31,447.14,CM
31,475.61,CS
31,489.72,SH
31,503.52,SM
31,517.74,SS
31,538.15,RH
31,548.11,RM
3209,476.01,CH
3209,624.84,RS
3209,586.18,IM
3209,577.19,W
3209,511.89,CM
3209,545.73,CS
3209,557.80,SH
3209,571.79,SM
3209,586.42,SS
3209,606.00,RH
3209,616.48,RM
3210,502.35,CH
3210,659.02,RS
3210,617.44,IM
3210,614.24,W
3210,539.76,CM
3210,574.70,CS
3210,587.68,SH
3210,603.00,SM
3210,617.76,SS
3210,640.55,RH
3210,650.86,RM
3214,432.86,CH
3214,576.26,RS
3214,548.40,IM
3214,537.51,W
3214,510.74,D
3214,469.08,CM
3214,500.59,CS
3214,515.61,SH
3214,533.11,SM
3214,548.51,SS
3214,558.53,RH
3214,568.58,RM
3215,389.11,CH
3215,533.92,RS
3215,502.35,IM
3215,493.95,W
3215,469.05,D
3215,428.20,CM
3215,457.41,CS
3215,473.67,SH
3215,486.97,SM
3215,501.40,SS
3215,518.81,RH
3215,527.49,RM
3216,580.49,CH
3216,750.28,RS
3216,704.06,IM
3216,692.67,W
3216,617.00,CM
3216,652.54,CS
3216,668.96,SH
3216,684.95,SM
3216,703.90,SS
3216,731.24,RH
3216,743.68,RM
3217,470.21,CH
3217,619.48,RS
3217,579.29,IM
3217,573.25,W
3217,550.90,D
3217,506.47,CM
3217,541.34,CS
3217,550.54,SH
3217,564.56,SM
3217,579.53,SS
3217,601.35,RH
3217,611.56,RM
3218,573.41,CH
3218,744.61,RS
3218,696.90,IM
3218,692.62,W
3218,614.47,CM
3218,650.66,CS
3218,661.73,SH
3218,677.37,SM
3218,696.99,SS
3218,720.71,RH
3218,733.83,RM
3219,497.65,CH
3219,653.03,RS
3219,615.48,IM
3219,608.54,W
3219,577.64,D
3219,534.25,CM
3219,568.01,CS
3219,584.48,SH
3219,600.12,SM
3219,615.77,SS
3219,635.21,RH
3219,645.11,RM
3220,403.60,CH
3220,543.75,RS
3220,516.27,IM
3220,508.42,W
3220,483.74,D
3220,441.19,CM
3220,471.61,CS
3220,488.11,SH
3220,499.89,SM
3220,514.92,SS
3220,526.06,RH
3220,536.25,RM
3221,573.93,CH
3221,744.24,RS
3221,697.38,IM
3221,692.16,W
3221,614.98,CM
3221,651.23,CS
3221,662.16,SH
3221,676.62,SM
3221,697.47,SS
3221,721.39,RH
3221,733.40,RM
3222,390.75,CH
3222,539.25,RS
3222,508.59,IM
3222,490.18,W
3222,469.30,D
3222,422.55,CM
3222,455.23,CS
3222,468.28,SH
3222,483.25,SM
3222,499.42,SS
3222,520.78,RH
3222,530.99,RM
3223,581.57,CH
3223,763.11,RS
3223,718.67,IM
3223,711.37,W
3223,634.70,CM
3223,672.56,CS
3223,688.21,SH
3223,702.48,SM
3223,720.01,SS
3223,740.96,RH
3223,753.04,RM
3224,572.49,CH
3224,751.33,RS
3224,709.91,IM
3224,700.03,W
3224,622.00,CM
3224,658.43,CS
3224,675.93,SH
3224,692.21,SM
3224,710.07,SS
3224,730.51,RH
3224,741.48,RM
3225,512.65,CH
3225,650.79,RS
3225,618.17,IM
3225,609.68,W
3225,547.83,CM
3225,577.36,CS
3225,590.88,SH
3225,604.93,SM
3225,618.28,SS
3225,638.74,RH
3225,643.35,RM
3227,465.18,CH
3227,615.89,RS
3227,576.67,IM
3227,569.83,W
3227,503.38,CM
3227,533.72,CS
3227,547.82,SH
3227,562.25,SM
3227,577.10,SS
3227,597.10,RH
3227,607.55,RM
3228,555.30,CH
3228,724.45,RS
3228,681.78,IM
3228,672.89,W
3228,595.21,CM
3228,631.28,CS
3228,645.25,SH
3228,662.75,SM
3228,682.24,SS
3228,702.72,RH
3228,714.13,RM
3229,506.61,CH
3229,676.11,RS
3229,634.60,IM
3229,624.01,W
3229,591.90,D
3229,543.91,CM
3229,583.91,CS
3229,589.52,SH
3229,606.23,SM
3229,623.65,SS
3229,647.40,RH
3229,664.51,RM
3230,512.67,CH
3230,677.02,RS
3230,642.20,IM
3230,633.42,W
3230,593.84,D
3230,546.48,CM
3230,588.84,CS
3230,597.84,SH
3230,614.51,SM
3230,626.73,SS
3230,650.65,RH
3230,667.95,RM
3231,491.13,CH
3231,669.27,RS
3231,623.39,IM
3231,613.80,W
3231,531.21,CM
3231,569.66,CS
3231,588.92,SH
3231,605.48,SM
3231,623.20,SS
3231,645.81,RH
3231,659.00,RM
3232,509.21,CH
3232,680.09,RS
3232,644.86,IM
3232,634.21,W
3232,610.75,D
3232,544.24,CM
3232,587.47,CS
3232,597.65,SH
3232,614.54,SM
3232,632.30,SS
3232,657.66,RH
3232,670.86,RM
3234,505.93,CH
3234,666.91,RS
3234,637.59,IM
3234,626.70,W
3234,596.62,D
3234,542.07,CM
3234,581.67,CS
3234,593.83,SH
3234,610.65,SM
3234,623.24,SS
3234,653.18,RH
3234,659.55,RM
3235,572.88,CH
3235,741.45,RS
3235,694.88,IM
3235,680.99,W
3235,614.83,CM
3235,645.49,CS
3235,658.13,SH
3235,675.74,SM
3235,693.30,SS
3235,720.32,RH
3235,733.18,RM
3237,558.89,CH
3237,723.86,RS
3237,684.17,IM
3237,675.73,W
3237,597.00,CM
3237,633.05,CS
3237,645.86,SH
3237,664.40,SM
3237,682.60,SS
3237,703.81,RH
3237,716.16,RM
3238,559.98,CH
3238,733.27,RS
3238,691.14,IM
3238,684.78,W
3238,594.88,CM
3238,647.94,CS
3238,660.69,SH
3238,674.63,SM
3238,691.12,SS
3238,710.63,RH
3238,723.71,RM
3239,527.75,CH
3239,687.93,RS
3239,640.64,IM
3239,627.63,W
3239,605.56,D
3239,560.23,CM
3239,587.20,CS
3239,605.93,SH
3239,622.74,SM
3239,640.63,SS
3239,666.14,RH
3239,677.85,RM
3241,513.36,CH
3241,681.27,RS
3241,642.08,IM
3241,631.93,W
3241,603.39,D
3241,555.18,CM
3241,590.85,CS
3241,597.47,SH
3241,609.50,SM
3241,631.15,SS
3241,656.30,RH
3241,667.73,RM
3242,513.45,CH
3242,682.27,RS
3242,635.67,IM
3242,623.57,W
3242,591.40,D
3242,548.85,CM
3242,582.51,CS
3242,601.39,SH
3242,617.25,SM
3242,635.47,SS
3242,659.99,RH
3242,672.20,RM
3245,475.23,CH
3245,645.88,RS
3245,599.12,IM
3245,589.09,W
3245,514.26,CM
3245,549.90,CS
3245,561.33,SH
3245,579.22,SM
3245,598.90,SS
3245,622.92,RH
3245,635.89,RM
3246,479.75,CH
3246,648.86,RS
3246,600.71,IM
3246,587.12,W
3246,514.15,CM
3246,548.51,CS
3246,566.93,SH
3246,580.76,SM
3246,600.76,SS
3246,626.93,RH
3246,638.90,RM
3247,497.97,CH
3247,670.87,RS
3247,622.00,IM
3247,612.09,W
3247,532.75,CM
3247,568.69,CS
3247,585.58,SH
3247,603.04,SM
3247,622.11,SS
3247,648.26,RH
3247,660.95,RM
3248,497.47,CH
3248,670.70,RS
3248,622.68,IM
3248,611.55,W
3248,533.87,CM
3248,568.87,CS
3248,586.45,SH
3248,603.43,SM
3248,622.00,SS
3248,648.03,RH
3248,660.56,RM
3249,502.30,CH
3249,668.51,RS
3249,620.94,IM
3249,610.28,W
3249,538.51,CM
3249,573.39,CS
3249,585.21,SH
3249,602.32,SM
3249,621.01,SS
3249,646.21,RH
3249,658.60,RM
3251,496.97,CH
3251,661.09,RS
3251,614.36,IM
3251,604.08,W
3251,533.67,CM
3251,566.26,CS
3251,580.29,SH
3251,596.91,SM
3251,614.74,SS
3251,639.11,RH
3251,650.51,RM
3252,491.57,CH
3252,659.87,RS
3252,620.10,IM
3252,602.73,W
3252,526.09,CM
3252,560.81,CS
3252,576.14,SH
3252,593.95,SM
3252,612.95,SS
3252,638.49,RH
3252,649.50,RM
3253,504.54,CH
3253,671.79,RS
3253,624.86,IM
3253,612.09,W
3253,538.66,CM
3253,571.42,CS
3253,589.25,SH
3253,606.51,SM
3253,625.14,SS
3253,649.34,RH
3253,661.92,RM
3254,486.77,CH
3254,657.03,RS
3254,617.08,IM
3254,601.20,W
3254,522.10,CM
3254,557.84,CS
3254,572.69,SH
3254,590.49,SM
3254,615.69,SS
3254,634.47,RH
3254,646.89,RM
3256,467.26,CH
3256,633.40,RS
3256,597.90,IM
3256,587.45,W
3256,510.57,CM
3256,542.84,CS
3256,563.12,SH
3256,579.76,SM
3256,597.37,SS
3256,610.35,RH
3256,623.10,RM
3257,485.46,CH
3257,659.18,RS
3257,610.94,IM
3257,596.92,W
3257,520.47,CM
3257,557.28,CS
3257,574.08,SH
3257,589.86,SM
3257,609.22,SS
3257,635.70,RH
3257,648.75,RM
3258,482.03,CH
3258,644.70,RS
3258,605.28,IM
3258,596.56,W
3258,517.54,CM
3258,554.81,CS
3258,569.60,SH
3258,587.23,SM
3258,609.29,SS
3258,622.39,RH
3258,634.58,RM
3259,477.56,CH
3259,645.69,RS
3259,601.78,IM
3259,590.95,W
3259,512.28,CM
3259,546.92,CS
3259,565.53,SH
3259,583.14,SM
3259,601.69,SS
3259,623.28,RH
3259,635.75,RM
3260,490.55,CH
3260,664.21,RS
3260,617.48,IM
3260,606.79,W
3260,526.27,CM
3260,568.41,CS
3260,583.58,SH
3260,600.05,SM
3260,617.56,SS
3260,639.92,RH
3260,653.01,RM
3261,482.52,CH
3261,647.47,RS
3261,611.66,IM
3261,603.42,W
3261,520.17,CM
3261,556.03,CS
3261,576.87,SH
3261,593.78,SM
3261,613.44,SS
3261,623.54,RH
3261,636.08,RM
3262,486.17,CH
3262,656.81,RS
3262,611.74,IM
3262,601.17,W
3262,524.12,CM
3262,558.95,CS
3262,573.31,SH
3262,593.38,SM
3262,608.70,SS
3262,633.76,RH
3262,646.33,RM
3263,482.96,CH
3263,655.69,RS
3263,607.09,IM
3263,595.59,W
3263,518.90,CM
3263,553.71,CS
3263,572.03,SH
3263,588.51,SM
3263,607.19,SS
3263,632.72,RH
3263,645.38,RM
3264,524.63,CH
3264,687.13,RS
3264,650.13,IM
3264,637.53,W
3264,604.40,D
3264,564.45,CM
3264,599.25,CS
3264,614.68,SH
3264,623.08,SM
3264,646.53,SS
3264,670.53,RH
3264,679.35,RM
3265,529.97,CH
3265,681.25,RS
3265,638.64,IM
3265,641.75,W
3265,602.84,D
3265,565.61,CM
3265,602.59,CS
3265,606.47,SH
3265,623.52,SM
3265,635.64,SS
3265,664.72,RH
3265,671.57,RM
3266,325.37,CH
3266,479.99,RS
3266,437.65,IM
3266,430.13,W
3266,361.03,CM
3266,394.93,CS
3266,410.31,SH
3266,423.45,SM
3266,437.53,SS
3266,461.46,RH
3266,471.87,RM
3267,544.86,CH
3267,711.94,RS
3267,668.11,IM
3267,657.06,W
3267,582.89,CM
3267,618.25,CS
3267,637.13,SH
3267,651.99,SM
3267,667.86,SS
3267,692.63,RH
3267,703.64,RM
3268,532.02,CH
3268,692.54,RS
3268,645.67,IM
3268,638.40,W
3268,613.26,D
3268,569.51,CM
3268,601.14,CS
3268,611.72,SH
3268,627.60,SM
3268,644.71,SS
3268,671.49,RH
3268,683.45,RM
3295,379.92,CH
3295,529.07,RS
3295,494.26,IM
3295,483.01,W
3295,458.87,D
3295,413.95,CM
3295,448.27,CS
3295,461.65,SH
3295,478.95,SM
3295,494.22,SS
3295,510.52,RH
3295,520.82,RM
3296,485.57,CH
3296,657.79,RS
3296,614.36,IM
3296,598.60,W
3296,571.69,D
3296,524.30,CM
3296,554.82,CS
3296,573.80,SH
3296,591.12,SM
3296,609.96,SS
3296,634.94,RH
3296,647.46,RM
3297,529.53,CH
3297,701.53,RS
3297,653.32,IM
3297,641.32,W
3297,610.64,D
3297,565.40,CM
3297,599.87,CS
3297,618.19,SH
3297,635.29,SM
3297,653.79,SS
3297,679.28,RH
3297,691.63,RM
3298,476.30,CH
3298,652.03,RS
3298,607.25,IM
3298,596.28,W
3298,514.25,CM
3298,551.69,CS
3298,570.49,SH
3298,588.36,SM
3298,606.93,SS
3298,628.88,RH
3298,642.01,RM
3299,481.56,CH
3299,649.71,RS
3299,608.41,IM
3299,593.44,W
3299,567.25,D
3299,522.46,CM
3299,550.76,CS
3299,566.36,SH
3299,583.56,SM
3299,606.01,SS
3299,626.73,RH
3299,639.75,RM
3300,485.43,CH
3300,653.64,RS
3300,608.32,IM
3300,597.34,W
3300,568.07,D
3300,519.17,CM
3300,554.77,CS
3300,570.54,SH
3300,588.31,SM
3300,607.12,SS
3300,631.01,RH
3300,643.08,RM
3301,471.97,CH
3301,636.43,RS
3301,603.17,IM
3301,590.16,W
3301,571.75,D
3301,516.00,CM
3301,546.03,CS
3301,556.09,SH
3301,571.76,SM
3301,588.87,SS
3301,614.82,RH
3301,626.69,RM
3303,472.16,CH
3303,641.76,RS
3303,608.59,IM
3303,592.12,W
3303,559.70,D
3303,505.24,CM
3303,537.71,CS
3303,556.62,SH
3303,573.69,SM
3303,608.64,SS
3303,619.38,RH
3303,632.04,RM
3304,484.46,CH
3304,627.61,RS
3304,608.45,IM
3304,591.08,W
3304,558.94,D
3304,510.04,CM
3304,557.88,CS
3304,576.37,SH
3304,590.97,SM
3304,608.47,SS
3304,608.27,RH
3304,619.93,RM
3305,574.57,CH
3305,747.34,RS
3305,714.05,IM
3305,703.27,W
3305,614.20,CM
3305,651.53,CS
3305,677.21,SH
3305,694.20,SM
3305,712.83,SS
3305,724.46,RH
3305,737.24,RM
3306,488.52,CH
3306,652.87,RS
3306,615.82,IM
3306,605.38,W
3306,569.28,D
3306,517.47,CM
3306,562.49,CS
3306,572.82,SH
3306,597.89,SM
3306,615.61,SS
3306,630.23,RH
3306,642.49,RM
3309,597.23,CH
3309,777.71,RS
3309,730.30,IM
3309,722.37,W
3309,642.53,CM
3309,681.13,CS
3309,693.82,SH
3309,711.72,SM
3309,730.72,SS
3309,754.21,RH
3309,767.40,RM
3310,493.39,CH
3310,665.80,RS
3310,617.60,IM
3310,606.01,W
3310,528.22,CM
3310,564.72,CS
3310,582.39,SH
3310,598.48,SM
3310,617.51,SS
3310,643.37,RH
3310,655.72,RM
3311,555.30,CH
3311,731.33,RS
3311,687.44,IM
3311,677.64,W
3311,593.61,CM
3311,641.44,CS
3311,653.85,SH
3311,670.46,SM
3311,688.24,SS
3311,709.76,RH
3311,722.19,RM
3312,717.92,CH
3312,889.55,RS
3312,845.64,IM
3312,838.50,W
3312,766.18,CM
3312,800.57,CS
3312,808.60,SH
3312,824.01,SM
3312,841.68,SS
3312,867.67,RH
3312,879.84,RM
3313,723.91,CH
3313,897.33,RS
3313,849.23,IM
3313,836.67,W
3313,768.70,CM
3313,803.26,CS
3313,815.25,SH
3313,831.93,SM
3313,849.19,SS
3313,875.57,RH
3313,887.48,RM
3314,730.30,CH
3314,904.39,RS
3314,858.33,IM
3314,842.70,W
3314,767.11,CM
3314,802.21,CS
3314,821.40,SH
3314,838.35,SM
3314,858.54,SS
3314,882.89,RH
3314,894.62,RM
3315,757.57,CH
3315,947.77,RS
3315,898.61,IM
3315,896.56,W
3315,809.32,CM
3315,850.68,CS
3315,861.08,SH
3315,880.35,SM
3315,898.91,SS
3315,925.01,RH
3315,937.88,RM
3316,409.15,CH
3316,562.49,RS
3316,524.58,IM
3316,516.50,W
3316,442.86,CM
3316,477.94,CS
3316,494.28,SH
3316,509.23,SM
3316,525.23,SS
3316,542.55,RH
3316,554.10,RM
3332,558.08,CH
3332,726.59,RS
3332,690.24,IM
3332,678.38,W
3332,595.55,CM
3332,633.67,CS
3332,649.57,SH
3332,667.82,SM
3332,689.86,SS
3332,705.26,RH
3332,717.16,RM
3333,725.39,CH
3333,898.10,RS
3333,857.80,IM
3333,845.74,W
3333,766.58,CM
3333,803.71,CS
3333,820.30,SH
3333,837.52,SM
3333,857.81,SS
3333,876.34,RH
3333,888.68,RM
3334,719.50,CH
3334,891.29,RS
3334,851.08,IM
3334,843.05,W
3334,754.68,CM
3334,789.16,CS
3334,809.38,SH
3334,826.61,SM
3334,844.30,SS
3334,869.93,RH
3334,881.24,RM
3335,720.22,CH
3335,889.13,RS
3335,853.54,IM
3335,841.02,W
3335,761.79,CM
3335,788.19,CS
3335,806.45,SH
3335,823.95,SM
3335,849.74,SS
3335,866.57,RH
3335,878.56,RM
3336,402.23,CH
3336,529.13,RS
3336,497.53,IM
3336,488.77,W
3336,460.17,D
3336,434.38,CM
3336,459.74,CS
3336,469.03,SH
3336,482.82,SM
3336,497.51,SS
3336,513.57,RH
3336,521.96,RM
3337,441.47,CH
3337,584.89,RS
3337,547.50,IM
3337,538.98,W
3337,525.49,D
3337,473.13,CM
3337,508.86,CS
3337,517.88,SH
3337,532.80,SM
3337,547.63,SS
3337,567.43,RH
3337,577.44,RM
3338,498.18,CH
3338,685.24,RS
3338,652.24,IM
3338,640.96,W
3338,604.36,D
3338,550.48,CM
3338,596.62,CS
3338,616.16,SH
3338,634.31,SM
3338,653.14,SS
3338,665.81,RH
3338,676.60,RM
3339,508.54,CH
3339,695.13,RS
3339,651.09,IM
3339,637.69,W
3339,547.97,CM
3339,588.09,CS
3339,613.60,SH
3339,632.25,SM
3339,650.91,SS
3339,671.87,RH
3339,684.62,RM
3340,558.34,CH
3340,728.36,RS
3340,684.49,IM
3340,672.92,W
3340,596.04,CM
3340,632.69,CS
3340,647.29,SH
3340,664.80,SM
3340,684.41,SS
3340,705.59,RH
3340,718.34,RM
3341,436.27,CH
3341,579.10,RS
3341,543.20,IM
3341,535.33,W
3341,520.71,D
3341,471.08,CM
3341,503.95,CS
3341,515.83,SH
3341,530.06,SM
3341,543.91,SS
3341,562.05,RH
3341,571.80,RM
3342,753.26,CH
3342,940.22,RS
3342,893.66,IM
3342,880.40,W
3342,806.09,CM
3342,834.54,CS
3342,855.18,SH
3342,872.80,SM
3342,893.13,SS
3342,917.32,RH
3342,930.13,RM
3343,496.86,CH
3343,651.82,RS
3343,607.67,IM
3343,600.80,W
3343,531.30,CM
3343,565.23,CS
3343,577.28,SH
3343,593.82,SM
3343,609.23,SS
3343,633.14,RH
3343,643.59,RM
3344,400.19,CH
3344,540.78,RS
3344,501.89,IM
3344,495.79,W
3344,434.16,CM
3344,467.16,CS
3344,475.33,SH
3344,488.57,SM
3344,502.07,SS
3344,520.68,RH
3344,531.04,RM
3345,522.05,CH
3345,664.04,RS
3345,629.72,IM
3345,620.80,W
3345,597.19,D
3345,554.18,CM
3345,586.55,CS
3345,603.33,SH
3345,616.78,SM
3345,630.17,SS
3345,650.65,RH
3345,656.01,RM
3346,532.40,CH
3346,711.08,RS
3346,665.54,IM
3346,654.92,W
3346,625.01,D
3346,573.16,CM
3346,612.32,CS
3346,630.69,SH
3346,647.94,SM
3346,665.72,SS
3346,691.76,RH
3346,702.60,RM
3348,669.65,CH
3348,846.71,RS
3348,799.56,IM
3348,792.49,W
3348,708.77,CM
3348,743.05,CS
3348,764.41,SH
3348,781.15,SM
3348,798.52,SS
3348,825.08,RH
3348,836.21,RM
3349,669.07,CH
3349,846.10,RS
3349,798.04,IM
3349,784.70,W
3349,706.24,CM
3349,741.56,CS
3349,762.73,SH
3349,780.54,SM
3349,797.23,SS
3349,823.35,RH
3349,836.14,RM
334,401.61,CH
334,552.45,RS
334,518.46,IM
334,507.99,W
334,483.34,D
334,436.31,CM
334,468.86,CS
334,487.82,SH
334,503.19,SM
334,518.33,SS
334,535.16,RH
334,544.85,RM
3350,674.39,CH
3350,845.92,RS
3350,798.61,IM
3350,785.50,W
3350,710.53,CM
3350,743.23,CS
3350,763.40,SH
3350,780.95,SM
3350,799.18,SS
3350,823.38,RH
3350,835.69,RM
3351,678.63,CH
3351,850.94,RS
3351,805.07,IM
3351,791.84,W
3351,714.11,CM
3351,750.29,CS
3351,771.75,SH
3351,787.85,SM
3351,809.69,SS
3351,829.63,RH
3351,842.02,RM
3352,563.11,CH
3352,746.09,RS
3352,702.72,IM
3352,700.41,W
3352,611.83,CM
3352,639.89,CS
3352,673.70,SH
3352,689.62,SM
3352,704.03,SS
3352,723.51,RH
3352,736.31,RM
3353,401.77,CH
3353,542.00,RS
3353,514.52,IM
3353,505.35,W
3353,482.26,D
3353,439.25,CM
3353,470.12,CS
3353,484.37,SH
3353,498.18,SM
3353,513.06,SS
3353,524.33,RH
3353,534.34,RM
3354,375.63,CH
3354,524.54,RS
3354,485.19,IM
3354,480.23,W
3354,454.39,D
3354,410.80,CM
3354,444.42,CS
3354,456.41,SH
3354,470.09,SM
3354,485.11,SS
3354,505.96,RH
3354,516.27,RM
3356,257.51,CH
3356,381.25,RS
3356,358.15,IM
3356,350.00,W
3356,333.76,D
3356,293.67,CM
3356,318.37,CS
3356,327.38,SH
3356,344.00,SM
3356,358.09,SS
3356,361.34,RH
3356,370.94,RM
3357,276.91,CH
3357,424.54,RS
3357,389.15,IM
3357,379.89,W
3357,362.18,D
3357,311.86,CM
3357,345.04,CS
3357,360.45,SH
3357,374.64,SM
3357,388.98,SS
3357,407.27,RH
3357,416.68,RM
3358,472.28,CH
3358,617.25,RS
3358,579.80,IM
3358,569.81,W
3358,552.18,D
3358,506.06,CM
3358,533.59,CS
3358,548.92,SH
3358,564.29,SM
3358,580.18,SS
3358,599.61,RH
3358,609.38,RM
3359,496.83,CH
3359,645.44,RS
3359,605.21,IM
3359,594.01,W
3359,579.00,D
3359,525.12,CM
3359,556.40,CS
3359,573.44,SH
3359,589.02,SM
3359,605.61,SS
3359,626.81,RH
3359,637.59,RM
3360,629.30,CH
3360,810.10,RS
3360,763.35,IM
3360,752.81,W
3360,671.15,CM
3360,710.57,CS
3360,728.76,SH
3360,745.90,SM
3360,763.60,SS
3360,787.13,RH
3360,799.74,RM
3361,407.77,CH
3361,549.11,RS
3361,516.26,IM
3361,508.51,W
3361,443.62,CM
3361,473.80,CS
3361,489.70,SH
3361,502.87,SM
3361,516.44,SS
3361,532.99,RH
3361,542.06,RM
3362,520.24,CH
3362,687.48,RS
3362,641.30,IM
3362,630.62,W
3362,556.87,CM
3362,592.03,CS
3362,610.03,SH
3362,625.55,SM
3362,641.57,SS
3362,667.85,RH
3362,678.89,RM
3363,444.24,CH
3363,597.08,RS
3363,561.08,IM
3363,551.66,W
3363,481.65,CM
3363,513.66,CS
3363,531.85,SH
3363,545.72,SM
3363,561.43,SS
3363,579.38,RH
3363,589.51,RM
3364,451.10,CH
3364,609.05,RS
3364,566.40,IM
3364,567.13,W
3364,490.15,CM
3364,524.54,CS
3364,532.24,SH
3364,549.16,SM
3364,566.59,SS
3364,590.67,RH
3364,601.28,RM
3365,338.00,CH
3365,484.60,RS
3365,447.95,IM
3365,438.51,W
3365,418.10,D
3365,371.10,CM
3365,402.06,CS
3365,419.41,SH
3365,434.39,SM
3365,448.30,SS
3365,466.47,RH
3365,474.99,RM
3367,452.90,CH
3367,604.20,RS
3367,565.29,IM
3367,559.31,W
3367,531.06,D
3367,489.25,CM
3367,524.53,CS
3367,536.32,SH
3367,550.64,SM
3367,565.46,SS
3367,585.51,RH
3367,595.84,RM
3368,388.36,CH
3368,519.37,RS
3368,486.13,IM
3368,479.76,W
3368,456.94,D
3368,421.72,CM
3368,449.70,CS
3368,462.88,SH
3368,474.43,SM
3368,486.47,SS
3368,502.88,RH
3368,511.57,RM
3369,466.09,CH
3369,624.56,RS
3369,579.72,IM
3369,574.56,W
3369,501.63,CM
3369,536.12,CS
3369,551.27,SH
3369,565.94,SM
3369,580.52,SS
3369,605.79,RH
3369,616.55,RM
3370,307.84,CH
3370,437.83,RS
3370,405.49,IM
3370,397.64,W
3370,378.81,D
3370,339.33,CM
3370,369.14,CS
3370,377.16,SH
3370,390.15,SM
3370,404.93,SS
3370,421.12,RH
3370,430.33,RM
3371,774.77,CH
3371,953.65,RS
3371,904.55,IM
3371,891.50,W
3371,813.81,CM
3371,850.51,CS
3371,869.11,SH
3371,885.49,SM
3371,904.13,SS
3371,931.45,RH
3371,943.97,RM
3372,774.77,CH
3372,953.65,RS
3372,904.55,IM
3372,891.50,W
3372,813.81,CM
3372,850.51,CS
3372,869.11,SH
3372,885.49,SM
3372,904.13,SS
3372,931.45,RH
3372,943.97,RM
3373,688.04,CH
3373,853.33,RS
3373,807.26,IM
3373,798.82,W
3373,717.87,CM
3373,750.68,CS
3373,771.24,SH
3373,789.53,SM
3373,807.38,SS
3373,830.78,RH
3373,843.56,RM
3374,771.58,CH
3374,954.05,RS
3374,906.59,IM
3374,891.78,W
3374,812.36,CM
3374,850.15,CS
3374,868.24,SH
3374,887.99,SM
3374,906.35,SS
3374,931.48,RH
3374,943.84,RM
3375,322.71,CH
3375,472.16,RS
3375,434.75,IM
3375,425.73,W
3375,403.59,D
3375,355.73,CM
3375,387.55,CS
3375,405.30,SH
3375,419.33,SM
3375,435.06,SS
3375,452.71,RH
3375,461.63,RM
3376,451.21,CH
3376,606.37,RS
3376,572.25,IM
3376,561.49,W
3376,489.49,CM
3376,522.81,CS
3376,542.08,SH
3376,556.34,SM
3376,572.24,SS
3376,587.08,RH
3376,597.29,RM
3377,410.77,CH
3377,549.98,RS
3377,513.47,IM
3377,511.48,W
3377,489.71,D
3377,442.81,CM
3377,473.24,CS
3377,486.25,SH
3377,500.09,SM
3377,514.42,SS
3377,532.53,RH
3377,542.34,RM
3383,294.25,CH
3383,429.12,RS
3383,399.21,IM
3383,388.58,W
3383,363.82,D
3383,323.00,CM
3383,352.39,CS
3383,366.96,SH
3383,381.78,SM
3383,395.84,SS
3383,410.75,RH
3383,421.32,RM
3384,408.17,CH
3384,542.83,RS
3384,520.09,IM
3384,509.11,W
3384,484.40,D
3384,444.38,CM
3384,473.34,CS
3384,489.96,SH
3384,494.88,SM
3384,520.05,SS
3384,529.48,RH
3384,535.61,RM
3385,437.81,CH
3385,588.02,RS
3385,554.45,IM
3385,547.12,W
3385,519.60,D
3385,473.49,CM
3385,507.06,CS
3385,524.96,SH
3385,539.84,SM
3385,554.94,SS
3385,571.15,RH
3385,580.06,RM
3387,513.81,CH
3387,683.73,RS
3387,639.88,IM
3387,628.31,W
3387,598.59,D
3387,555.42,CM
3387,588.06,CS
3387,604.64,SH
3387,621.45,SM
3387,640.07,SS
3387,664.11,RH
3387,674.94,RM
3388,439.28,CH
3388,595.49,RS
3388,557.00,IM
3388,548.38,W
3388,476.03,CM
3388,508.25,CS
3388,517.99,SH
3388,538.72,SM
3388,554.86,SS
3388,576.13,RH
3388,586.97,RM
3389,435.50,CH
3389,585.50,RS
3389,548.02,IM
3389,541.08,W
3389,473.00,CM
3389,505.55,CS
3389,519.31,SH
3389,533.56,SM
3389,548.57,SS
3389,567.92,RH
3389,577.98,RM
3390,523.29,CH
3390,670.36,RS
3390,631.93,IM
3390,621.60,W
3390,555.05,CM
3390,587.31,CS
3390,600.84,SH
3390,616.78,SM
3390,631.96,SS
3390,652.31,RH
3390,662.49,RM
3391,485.14,CH
3391,641.41,RS
3391,600.62,IM
3391,591.38,W
3391,563.53,D
3391,523.20,CM
3391,557.91,CS
3391,571.30,SH
3391,585.48,SM
3391,600.83,SS
3391,621.85,RH
3391,632.90,RM
3392,550.90,CH
3392,720.54,RS
3392,674.63,IM
3392,663.12,W
3392,587.14,CM
3392,621.95,CS
3392,641.14,SH
3392,657.73,SM
3392,674.91,SS
3392,700.69,RH
3392,711.87,RM
3393,532.69,CH
3393,702.59,RS
3393,656.58,IM
3393,645.37,W
3393,570.81,CM
3393,605.17,CS
3393,623.36,SH
3393,639.34,SM
3393,657.01,SS
3393,680.67,RH
3393,692.95,RM
3394,569.85,CH
3394,740.23,RS
3394,694.99,IM
3394,692.84,W
3394,609.43,CM
3394,649.46,CS
3394,657.76,SH
3394,675.92,SM
3394,694.99,SS
3394,716.82,RH
3394,729.96,RM
3396,653.35,CH
3396,814.16,RS
3396,778.40,IM
3396,768.89,W
3396,689.79,CM
3396,725.19,CS
3396,746.28,SH
3396,761.72,SM
3396,778.03,SS
3396,795.22,RH
3396,806.73,RM
3397,633.88,CH
3397,817.20,RS
3397,773.97,IM
3397,768.70,W
3397,674.71,CM
3397,722.33,CS
3397,737.34,SH
3397,753.91,SM
3397,773.83,SS
3397,796.34,RH
3397,809.19,RM
3398,549.70,CH
3398,719.31,RS
3398,673.17,IM
3398,663.11,W
3398,587.07,CM
3398,621.00,CS
3398,639.23,SH
3398,655.14,SM
3398,672.73,SS
3398,698.05,RH
3398,709.89,RM
3399,494.03,CH
3399,659.43,RS
3399,614.70,IM
3399,606.52,W
3399,531.22,CM
3399,563.43,CS
3399,579.11,SH
3399,596.78,SM
3399,615.39,SS
3399,638.81,RH
3399,650.47,RM
3400,542.11,CH
3400,712.14,RS
3400,666.90,IM
3400,655.51,W
3400,580.49,CM
3400,616.05,CS
3400,633.99,SH
3400,651.16,SM
3400,668.79,SS
3400,692.92,RH
3400,703.68,RM
3401,420.36,CH
3401,569.45,RS
3401,530.62,IM
3401,524.87,W
3401,500.61,D
3401,455.70,CM
3401,489.97,CS
3401,503.52,SH
3401,516.78,SM
3401,531.17,SS
3401,551.53,RH
3401,561.47,RM
3402,536.15,CH
3402,704.32,RS
3402,657.60,IM
3402,646.87,W
3402,572.52,CM
3402,607.76,CS
3402,625.50,SH
3402,640.75,SM
3402,657.83,SS
3402,684.28,RH
3402,695.86,RM
3403,328.24,CH
3403,451.52,RS
3403,422.00,IM
3403,418.19,W
3403,402.36,D
3403,353.46,CM
3403,388.41,CS
3403,394.72,SH
3403,407.56,SM
3403,426.49,SS
3403,436.80,RH
3403,444.37,RM
3404,450.92,CH
3404,598.48,RS
3404,561.00,IM
3404,549.71,W
3404,530.28,D
3404,485.37,CM
3404,518.97,CS
3404,529.59,SH
3404,544.86,SM
3404,561.51,SS
3404,580.65,RH
3404,590.39,RM
3405,588.02,CH
3405,758.62,RS
3405,714.47,IM
3405,699.86,W
3405,624.44,CM
3405,659.76,CS
3405,676.11,SH
3405,693.12,SM
3405,711.46,SS
3405,738.33,RH
3405,748.38,RM
3406,500.96,CH
3406,659.15,RS
3406,621.49,IM
3406,612.96,W
3406,540.30,CM
3406,577.09,CS
3406,595.87,SH
3406,607.81,SM
3406,621.48,SS
3406,640.41,RH
3406,650.98,RM
3407,410.94,CH
3407,562.88,RS
3407,532.48,IM
3407,520.63,W
3407,446.87,CM
3407,483.38,CS
3407,499.17,SH
3407,513.59,SM
3407,532.19,SS
3407,544.62,RH
3407,555.22,RM
3408,417.87,CH
3408,567.32,RS
3408,533.03,IM
3408,523.66,W
3408,452.89,CM
3408,486.95,CS
3408,502.16,SH
3408,515.08,SM
3408,532.79,SS
3408,548.96,RH
3408,559.24,RM
3409,523.41,CH
3409,694.97,RS
3409,644.67,IM
3409,646.36,W
3409,554.52,CM
3409,588.15,CS
3409,608.45,SH
3409,625.81,SM
3409,644.44,SS
3409,672.71,RH
3409,685.16,RM
3410,579.53,CH
3410,767.35,RS
3410,720.85,IM
3410,709.03,W
3410,624.18,CM
3410,663.69,CS
3410,683.90,SH
3410,701.78,SM
3410,720.87,SS
3410,744.12,RH
3410,756.67,RM
3411,499.40,CH
3411,657.68,RS
3411,619.71,IM
3411,612.95,W
3411,586.03,D
3411,538.80,CM
3411,576.89,CS
3411,580.88,SH
3411,597.24,SM
3411,614.43,SS
3411,638.60,RH
3411,649.32,RM
3413,379.16,CH
3413,528.69,RS
3413,489.37,IM
3413,485.71,W
3413,459.28,D
3413,414.47,CM
3413,448.81,CS
3413,460.66,SH
3413,474.75,SM
3413,489.32,SS
3413,510.14,RH
3413,520.48,RM
3414,660.68,CH
3414,834.89,RS
3414,790.36,IM
3414,777.24,W
3414,694.37,CM
3414,752.20,CS
3414,775.23,SH
3414,790.80,SM
3414,790.27,SS
3414,813.84,RH
3414,825.52,RM
3415,356.47,CH
3415,496.53,RS
3415,462.84,IM
3415,454.05,W
3415,431.77,D
3415,390.64,CM
3415,419.96,CS
3415,434.95,SH
3415,448.21,SM
3415,462.73,SS
3415,479.55,RH
3415,488.92,RM
3416,518.03,CH
3416,673.87,RS
3416,634.60,IM
3416,628.85,W
3416,554.37,CM
3416,587.69,CS
3416,601.55,SH
3416,618.05,SM
3416,634.18,SS
3416,654.50,RH
3416,665.21,RM
3417,836.53,CH
3417,1008.18,RS
3417,965.78,IM
3417,953.92,W
3417,873.85,CM
3417,911.25,CS
3417,931.20,SH
3417,947.97,SM
3417,965.85,SS
3417,988.03,RH
3417,999.22,RM
3418,462.28,CH
3418,611.78,RS
3418,573.50,IM
3418,563.72,W
3418,540.05,D
3418,499.03,CM
3418,532.27,CS
3418,544.60,SH
3418,559.34,SM
3418,574.30,SS
3418,593.03,RH
3418,603.53,RM
3419,568.10,CH
3419,749.30,RS
3419,704.71,IM
3419,693.35,W
3419,610.25,CM
3419,651.84,CS
3419,669.74,SH
3419,686.62,SM
3419,704.86,SS
3419,726.20,RH
3419,740.42,RM
3420,440.87,CH
3420,580.56,RS
3420,551.18,IM
3420,540.20,W
3420,517.50,D
3420,475.16,CM
3420,510.41,CS
3420,521.21,SH
3420,529.25,SM
3420,548.11,SS
3420,562.56,RH
3420,572.78,RM
3421,382.55,CH
3421,528.68,RS
3421,490.88,IM
3421,485.21,W
3421,417.34,CM
3421,449.76,CS
3421,463.21,SH
3421,476.74,SM
3421,491.23,SS
3421,511.58,RH
3421,520.94,RM
3422,383.90,CH
3422,529.50,RS
3422,490.52,IM
3422,485.91,W
3422,418.60,CM
3422,450.74,CS
3422,464.37,SH
3422,477.24,SM
3422,490.80,SS
3422,512.11,RH
3422,521.65,RM
3423,447.32,CH
3423,599.19,RS
3423,558.64,IM
3423,553.16,W
3423,536.48,D
3423,484.78,CM
3423,518.90,CS
3423,527.69,SH
3423,543.75,SM
3423,560.65,SS
3423,580.63,RH
3423,590.91,RM
3426,538.95,CH
3426,719.58,RS
3426,672.91,IM
3426,661.09,W
3426,622.96,D
3426,581.25,CM
3426,617.30,CS
3426,638.05,SH
3426,654.30,SM
3426,672.81,SS
3426,699.89,RH
3426,710.87,RM
3427,403.99,CH
3427,556.48,RS
3427,517.61,IM
3427,511.61,W
3427,483.28,D
3427,439.00,CM
3427,472.21,CS
3427,491.23,SH
3427,504.49,SM
3427,517.86,SS
3427,538.29,RH
3427,548.31,RM
3428,342.60,CH
3428,479.45,RS
3428,444.20,IM
3428,433.85,W
3428,373.22,CM
3428,399.75,CS
3428,413.61,SH
3428,427.50,SM
3428,442.25,SS
3428,461.52,RH
3428,471.36,RM
3429,365.61,CH
3429,506.33,RS
3429,473.06,IM
3429,465.38,W
3429,444.33,D
3429,401.30,CM
3429,431.35,CS
3429,447.07,SH
3429,460.61,SM
3429,473.99,SS
3429,489.51,RH
3429,499.41,RM
3430,180.07,CH
3430,338.96,RS
3430,285.09,IM
3430,273.89,W
3430,252.99,D
3430,210.20,CM
3430,238.57,CS
3430,257.04,SH
3430,269.91,SM
3430,285.11,SS
3430,309.22,RH
3430,321.24,RM
3431,433.58,CH
3431,588.44,RS
3431,552.38,IM
3431,542.47,W
3431,515.86,D
3431,469.31,CM
3431,502.61,CS
3431,520.29,SH
3431,536.30,SM
3431,552.42,SS
3431,569.73,RH
3431,578.98,RM
3433,611.14,CH
3433,804.60,RS
3433,747.82,IM
3433,736.93,W
3433,658.63,CM
3433,693.96,CS
3433,711.96,SH
3433,731.33,SM
3433,751.35,SS
3433,780.26,RH
3433,794.11,RM
3434,458.25,CH
3434,605.53,RS
3434,569.35,IM
3434,561.96,W
3434,494.19,CM
3434,526.33,CS
3434,540.51,SH
3434,554.92,SM
3434,569.80,SS
3434,587.37,RH
3434,597.64,RM
3436,574.79,CH
3436,743.40,RS
3436,695.91,IM
3436,681.30,W
3436,609.65,CM
3436,643.84,CS
3436,659.73,SH
3436,676.96,SM
3436,694.99,SS
3436,722.93,RH
3436,734.94,RM
3437,451.24,CH
3437,622.77,RS
3437,571.41,IM
3437,562.29,W
3437,535.57,D
3437,486.06,CM
3437,518.48,CS
3437,537.45,SH
3437,553.66,SM
3437,571.42,SS
3437,591.80,RH
3437,608.69,RM
3438,171.25,CH
3438,285.71,IM
3438,270.15,W
3438,245.64,D
3438,199.56,CM
3438,231.02,CS
3438,247.23,SH
3438,263.64,SM
3438,286.11,SS
3439,447.45,CH
3439,599.58,RS
3439,562.16,IM
3439,556.36,W
3439,525.45,D
3439,482.40,CM
3439,515.56,CS
3439,530.22,SH
3439,546.07,SM
3439,562.52,SS
3439,582.22,RH
3439,591.79,RM
3441,398.62,CH
3441,548.56,RS
3441,512.82,IM
3441,502.35,W
3441,434.88,CM
3441,466.16,CS
3441,482.94,SH
3441,496.80,SM
3441,512.84,SS
3441,530.56,RH
3441,540.65,RM
3442,272.40,CH
3442,405.29,RS
3442,373.36,IM
3442,370.14,W
3442,351.69,D
3442,300.63,CM
3442,332.19,CS
3442,346.64,SH
3442,357.84,SM
3442,372.66,SS
3442,388.87,RH
3442,397.70,RM
3443,434.44,CH
3443,580.96,RS
3443,548.78,IM
3443,539.68,W
3443,512.74,D
3443,469.51,CM
3443,503.62,CS
3443,520.04,SH
3443,533.68,SM
3443,549.03,SS
3443,563.72,RH
3443,572.69,RM
3444,372.80,CH
3444,526.53,RS
3444,492.01,IM
3444,482.17,W
3444,460.08,D
3444,411.00,CM
3444,444.33,CS
3444,456.16,SH
3444,471.55,SM
3444,488.80,SS
3444,501.84,RH
3444,512.44,RM
3445,403.85,CH
3445,551.27,RS
3445,516.59,IM
3445,506.72,W
3445,438.96,CM
3445,470.73,CS
3445,487.82,SH
3445,502.07,SM
3445,516.88,SS
3445,533.43,RH
3445,543.60,RM
3446,367.61,CH
3446,518.76,RS
3446,482.00,IM
3446,473.42,W
3446,402.07,CM
3446,436.49,CS
3446,453.22,SH
3446,467.43,SM
3446,482.20,SS
3446,500.79,RH
3446,510.29,RM
3449,532.34,CH
3449,708.46,RS
3449,663.33,IM
3449,650.29,W
3449,623.18,D
3449,573.06,CM
3449,608.55,CS
3449,627.17,SH
3449,644.40,SM
3449,663.12,SS
3449,688.87,RH
3449,699.59,RM
3450,559.31,CH
3450,734.96,RS
3450,692.83,IM
3450,685.20,W
3450,607.96,CM
3450,643.88,CS
3450,657.12,SH
3450,673.55,SM
3450,692.08,SS
3450,711.73,RH
3450,725.10,RM
3451,427.71,CH
3451,565.07,RS
3451,537.02,IM
3451,525.17,W
3451,503.02,D
3451,461.90,CM
3451,491.81,CS
3451,504.79,SH
3451,521.80,SM
3451,537.02,SS
3451,547.41,RH
3451,557.21,RM
3452,641.77,CH
3452,822.32,RS
3452,778.20,IM
3452,779.18,W
3452,691.80,CM
3452,734.62,CS
3452,741.08,SH
3452,757.62,SM
3452,777.83,SS
3452,800.80,RH
3452,812.71,RM
3453,390.87,CH
3453,533.26,RS
3453,496.26,IM
3453,493.61,W
3453,425.14,CM
3453,459.11,CS
3453,469.95,SH
3453,482.59,SM
3453,496.32,SS
3453,516.40,RH
3453,526.04,RM
3454,372.88,CH
3454,520.46,RS
3454,481.15,IM
3454,476.43,W
3454,407.47,CM
3454,438.98,CS
3454,455.06,SH
3454,469.03,SM
3454,481.88,SS
3454,502.57,RH
3454,512.58,RM
3456,360.38,CH
3456,497.02,RS
3456,469.06,IM
3456,459.84,W
3456,436.69,D
3456,395.97,CM
3456,425.92,CS
3456,436.10,SH
3456,453.19,SM
3456,469.55,SS
3456,482.52,RH
3456,490.44,RM
3457,511.54,CH
3457,677.48,RS
3457,632.17,IM
3457,627.04,W
3457,549.81,CM
3457,585.91,CS
3457,596.97,SH
3457,613.64,SM
3457,631.90,SS
3457,658.24,RH
3457,669.07,RM
3458,483.58,CH
3458,637.54,RS
3458,597.33,IM
3458,592.29,W
3458,567.08,D
3458,522.39,CM
3458,557.37,CS
3458,568.26,SH
3458,582.64,SM
3458,597.67,SS
3458,618.41,RH
3458,629.06,RM
3459,581.11,CH
3459,745.11,RS
3459,700.31,IM
3459,694.29,W
3459,665.67,D
3459,615.75,CM
3459,652.25,CS
3459,665.20,SH
3459,682.68,SM
3459,699.98,SS
3459,725.08,RH
3459,736.73,RM
345,422.44,CH
345,573.04,RS
345,541.98,IM
345,533.10,W
345,508.06,D
345,459.34,CM
345,491.69,CS
345,510.14,SH
345,526.07,SM
345,541.99,SS
345,555.86,RH
345,564.90,RM
3462,423.38,CH
3462,566.72,RS
3462,529.98,IM
3462,526.10,W
3462,503.09,D
3462,458.39,CM
3462,488.93,CS
3462,501.82,SH
3462,515.79,SM
3462,530.14,SS
3462,548.82,RH
3462,558.84,RM
3466,394.65,CH
3466,539.84,RS
3466,503.05,IM
3466,498.17,W
3466,475.26,D
3466,429.92,CM
3466,464.09,CS
3466,474.99,SH
3466,488.50,SM
3466,503.13,SS
3466,522.94,RH
3466,532.60,RM
3467,444.27,CH
3467,585.94,RS
3467,552.59,IM
3467,543.73,W
3467,515.45,D
3467,479.81,CM
3467,509.41,CS
3467,523.94,SH
3467,537.54,SM
3467,550.88,SS
3467,568.79,RH
3467,577.90,RM
3469,572.19,CH
3469,739.03,RS
3469,696.17,IM
3469,687.33,W
3469,613.06,CM
3469,647.84,CS
3469,664.01,SH
3469,680.12,SM
3469,696.56,SS
3469,718.35,RH
3469,729.82,RM
3471,404.40,CH
3471,545.21,RS
3471,510.64,IM
3471,502.04,W
3471,480.74,D
3471,438.85,CM
3471,467.44,CS
3471,483.89,SH
3471,497.58,SM
3471,510.19,SS
3471,520.96,RH
3471,533.83,RM
3473,608.46,CH
3473,769.31,RS
3473,728.62,IM
3473,712.36,W
3473,644.14,CM
3473,677.77,CS
3473,696.39,SH
3473,712.68,SM
3473,728.92,SS
3473,750.34,RH
3473,761.57,RM
3474,570.40,CH
3474,750.66,RS
3474,705.09,IM
3474,703.12,W
3474,625.11,CM
3474,661.57,CS
3474,671.72,SH
3474,687.76,SM
3474,705.22,SS
3474,729.38,RH
3474,740.38,RM
3475,725.14,CH
3475,910.27,RS
3475,862.23,IM
3475,848.38,W
3475,764.55,CM
3475,802.67,CS
3475,823.40,SH
3475,842.83,SM
3475,861.51,SS
3475,886.69,RH
3475,898.76,RM
3476,489.72,CH
3476,655.20,RS
3476,611.80,IM
3476,603.80,W
3476,565.98,D
3476,523.05,CM
3476,558.91,CS
3476,579.94,SH
3476,598.28,SM
3476,610.73,SS
3476,634.24,RH
3476,645.62,RM
3477,497.54,CH
3477,658.79,RS
3477,624.88,IM
3477,610.92,W
3477,529.85,CM
3477,566.63,CS
3477,588.86,SH
3477,605.63,SM
3477,624.11,SS
3477,635.88,RH
3477,647.95,RM
3478,642.20,CH
3478,823.95,RS
3478,774.95,IM
3478,761.54,W
3478,679.30,CM
3478,715.24,CS
3478,737.58,SH
3478,755.09,SM
3478,774.75,SS
3478,799.71,RH
3478,812.52,RM
3479,643.39,CH
3479,815.80,RS
3479,772.23,IM
3479,760.41,W
3479,682.35,CM
3479,719.67,CS
3479,738.21,SH
3479,754.51,SM
3479,771.96,SS
3479,796.74,RH
3479,807.41,RM
3480,499.63,CH
3480,675.19,RS
3480,631.77,IM
3480,620.61,W
3480,540.71,CM
3480,577.02,CS
3480,595.08,SH
3480,613.27,SM
3480,631.54,SS
3480,652.01,RH
3480,664.77,RM
3481,405.19,CH
3481,555.21,RS
3481,517.54,IM
3481,513.03,W
3481,485.03,D
3481,439.62,CM
3481,474.58,CS
3481,489.49,SH
3481,502.66,SM
3481,517.61,SS
3481,537.62,RH
3481,546.96,RM
3483,458.96,CH
3483,610.33,RS
3483,572.08,IM
3483,568.06,W
3483,494.87,CM
3483,530.37,CS
3483,543.59,SH
3483,557.15,SM
3483,572.61,SS
3483,591.20,RH
3483,601.83,RM
3485,557.67,CH
3485,718.24,RS
3485,668.55,IM
3485,655.12,W
3485,589.12,CM
3485,617.27,CS
3485,635.90,SH
3485,652.15,SM
3485,669.29,SS
3485,698.12,RH
3485,709.84,RM
3487,411.14,CH
3487,563.17,RS
3487,525.62,IM
3487,520.03,W
3487,496.87,D
3487,448.19,CM
3487,481.21,CS
3487,497.21,SH
3487,510.73,SM
3487,525.52,SS
3487,544.99,RH
3487,555.06,RM
3488,483.98,CH
3488,647.59,RS
3488,603.55,IM
3488,591.40,W
3488,516.84,CM
3488,551.01,CS
3488,570.20,SH
3488,586.18,SM
3488,603.91,SS
3488,628.46,RH
3488,639.45,RM
3489,425.72,CH
3489,581.70,RS
3489,544.21,IM
3489,534.41,W
3489,461.79,CM
3489,495.34,CS
3489,514.12,SH
3489,528.69,SM
3489,544.22,SS
3489,562.63,RH
3489,572.88,RM
3490,445.18,CH
3490,596.02,RS
3490,558.52,IM
3490,551.32,W
3490,479.35,CM
3490,511.64,CS
3490,530.41,SH
3490,544.75,SM
3490,558.91,SS
3490,579.12,RH
3490,587.81,RM
3493,539.59,CH
3493,710.60,RS
3493,674.49,IM
3493,663.09,W
3493,580.53,CM
3493,617.49,CS
3493,635.35,SH
3493,655.29,SM
3493,674.68,SS
3493,688.51,RH
3493,700.15,RM
3494,362.63,CH
3494,487.68,RS
3494,453.40,IM
3494,450.41,W
3494,431.17,D
3494,394.89,CM
3494,418.89,CS
3494,427.88,SH
3494,442.83,SM
3494,454.91,SS
3494,468.95,RH
3494,479.04,RM
3495,537.14,CH
3495,693.03,RS
3495,649.22,IM
3495,639.58,W
3495,569.96,CM
3495,603.75,CS
3495,618.92,SH
3495,634.25,SM
3495,649.40,SS
3495,673.67,RH
3495,684.56,RM
3496,468.60,CH
3496,626.63,RS
3496,587.26,IM
3496,577.19,W
3496,505.63,CM
3496,540.04,CS
3496,557.45,SH
3496,572.29,SM
3496,587.27,SS
3496,607.36,RH
3496,617.86,RM
3497,452.71,CH
3497,618.81,RS
3497,575.02,IM
3497,566.48,W
3497,494.81,CM
3497,528.69,CS
3497,544.37,SH
3497,559.20,SM
3497,574.92,SS
3497,599.03,RH
3497,610.94,RM
3498,526.75,CH
3498,613.05,IM
3498,620.84,W
3498,558.00,CM
3498,585.12,CS
3498,601.57,SH
3498,616.63,SM
3498,611.92,SS
3498,629.29,RH
3498,638.50,RM
3499,701.81,CH
3499,871.79,RS
3499,826.47,IM
3499,814.70,W
3499,734.76,CM
3499,769.17,CS
3499,790.53,SH
3499,808.02,SM
3499,826.39,SS
3499,849.02,RH
3499,861.86,RM
3500,423.72,CH
3500,562.49,RS
3500,530.50,IM
3500,524.49,W
3500,500.04,D
3500,457.61,CM
3500,488.68,CS
3500,505.53,SH
3500,520.01,SM
3500,530.50,SS
3500,545.97,RH
3500,555.53,RM
3501,505.73,CH
3501,660.98,RS
3501,618.26,IM
3501,611.60,W
3501,538.88,CM
3501,572.95,CS
3501,589.51,SH
3501,598.33,SM
3501,617.49,SS
3501,639.04,RH
3501,650.88,RM
3502,566.85,CH
3502,733.55,RS
3502,689.26,IM
3502,682.36,W
3502,605.27,CM
3502,641.23,CS
3502,652.40,SH
3502,669.68,SM
3502,687.91,SS
3502,711.06,RH
3502,724.22,RM
3503,568.07,CH
3503,749.29,RS
3503,704.74,IM
3503,693.32,W
3503,610.25,CM
3503,651.79,CS
3503,669.68,SH
3503,686.59,SM
3503,704.86,SS
3503,726.20,RH
3503,740.42,RM
3504,458.51,CH
3504,608.82,RS
3504,570.53,IM
3504,564.91,W
3504,536.78,D
3504,495.73,CM
3504,531.20,CS
3504,541.30,SH
3504,555.40,SM
3504,570.66,SS
3504,590.44,RH
3504,600.89,RM
3505,451.24,CH
3505,622.77,RS
3505,571.41,IM
3505,562.29,W
3505,535.57,D
3505,486.06,CM
3505,518.48,CS
3505,537.45,SH
3505,553.66,SM
3505,571.42,SS
3505,591.80,RH
3505,608.69,RM
3506,404.96,CH
3506,554.84,RS
3506,516.38,IM
3506,512.63,W
3506,484.66,D
3506,439.59,CM
3506,474.27,CS
3506,489.23,SH
3506,501.93,SM
3506,516.81,SS
3506,536.60,RH
3506,546.75,RM
3507,635.56,CH
3507,818.17,RS
3507,767.55,IM
3507,752.00,W
3507,672.94,CM
3507,707.76,CS
3507,731.05,SH
3507,748.46,SM
3507,767.34,SS
3507,794.28,RH
3507,806.53,RM
3508,557.04,CH
3508,732.74,RS
3508,698.60,IM
3508,683.52,W
3508,597.59,CM
3508,627.18,CS
3508,648.91,SH
3508,679.95,SM
3508,698.60,SS
3508,710.48,RH
3508,721.55,RM
3509,413.48,CH
3509,567.15,RS
3509,524.17,IM
3509,518.57,W
3509,448.19,CM
3509,481.31,CS
3509,498.08,SH
3509,513.26,SM
3509,524.58,SS
3509,542.98,RH
3509,555.54,RM
3510,772.92,CH
3510,948.73,RS
3510,902.47,IM
3510,888.31,W
3510,810.50,CM
3510,846.23,CS
3510,865.69,SH
3510,883.93,SM
3510,901.76,SS
3510,926.05,RH
3510,938.36,RM
3511,704.58,CH
3511,863.39,RS
3511,815.23,IM
3511,819.71,W
3511,731.23,CM
3511,764.19,CS
3511,780.34,SH
3511,799.02,SM
3511,815.60,SS
3511,842.66,RH
3511,855.08,RM
3512,350.15,CH
3512,500.78,RS
3512,462.91,IM
3512,454.21,W
3512,430.08,D
3512,384.87,CM
3512,417.21,CS
3512,434.38,SH
3512,448.91,SM
3512,463.64,SS
3512,481.94,RH
3512,492.23,RM
3513,393.78,CH
3513,538.71,RS
3513,501.10,IM
3513,497.20,W
3513,473.67,D
3513,428.17,CM
3513,462.08,CS
3513,472.22,SH
3513,486.16,SM
3513,501.15,SS
3513,520.86,RH
3513,530.84,RM
3514,287.51,CH
3514,436.38,RS
3514,394.80,IM
3514,384.90,W
3514,363.52,D
3514,321.09,CM
3514,350.84,CS
3514,366.23,SH
3514,380.10,SM
3514,394.82,SS
3514,416.89,RH
3514,426.30,RM
3515,701.76,CH
3515,871.29,RS
3515,825.80,IM
3515,812.59,W
3515,734.62,CM
3515,771.31,CS
3515,789.80,SH
3515,807.31,SM
3515,825.82,SS
3515,848.78,RH
3515,861.51,RM
3517,771.58,CH
3517,954.05,RS
3517,906.59,IM
3517,891.78,W
3517,812.36,CM
3517,850.15,CS
3517,868.24,SH
3517,887.99,SM
3517,906.35,SS
3517,931.48,RH
3517,943.84,RM
3518,499.50,CH
3518,657.34,RS
3518,617.29,IM
3518,607.57,W
3518,579.53,D
3518,535.46,CM
3518,570.47,CS
3518,585.55,SH
3518,600.86,SM
3518,617.33,SS
3518,639.47,RH
3518,649.14,RM
3519,481.01,CH
3519,638.36,RS
3519,591.89,IM
3519,588.99,W
3519,558.44,D
3519,523.20,CM
3519,550.14,CS
3519,557.63,SH
3519,572.81,SM
3519,592.21,SS
3519,615.47,RH
3519,628.28,RM
3521,355.67,CH
3521,494.12,RS
3521,463.55,IM
3521,454.87,W
3521,432.25,D
3521,390.15,CM
3521,419.71,CS
3521,434.53,SH
3521,446.60,SM
3521,463.31,SS
3521,477.74,RH
3521,486.01,RM
3523,658.63,CH
3523,820.50,RS
3523,777.97,IM
3523,778.19,W
3523,694.83,CM
3523,735.30,CS
3523,744.14,SH
3523,759.80,SM
3523,778.09,SS
3523,800.96,RH
3523,812.83,RM
3525,483.82,CH
3525,649.25,RS
3525,601.83,IM
3525,600.72,W
3525,520.52,CM
3525,556.26,CS
3525,565.24,SH
3525,585.10,SM
3525,601.13,SS
3525,626.33,RH
3525,639.06,RM
3528,773.47,CH
3528,950.79,RS
3528,902.52,IM
3528,890.02,W
3528,812.10,CM
3528,848.92,CS
3528,867.17,SH
3528,884.01,SM
3528,902.66,SS
3528,929.04,RH
3528,941.49,RM
3529,773.47,CH
3529,950.79,RS
3529,902.52,IM
3529,890.02,W
3529,812.10,CM
3529,848.92,CS
3529,867.17,SH
3529,884.01,SM
3529,902.66,SS
3529,929.04,RH
3529,941.49,RM
3531,578.30,CH
3531,759.79,RS
3531,715.09,IM
3531,706.34,W
3531,624.03,CM
3531,664.01,CS
3531,682.03,SH
3531,698.37,SM
3531,716.76,SS
3531,736.19,RH
3531,748.52,RM
365,517.73,CH
365,677.66,RS
365,640.66,IM
365,636.37,W
365,555.14,CM
365,591.67,CS
365,610.28,SH
365,625.90,SM
365,643.54,SS
365,655.51,RH
365,667.82,RM
374,389.32,CH
374,535.52,RS
374,497.61,IM
374,493.43,W
374,468.40,D
374,423.63,CM
374,456.67,CS
374,473.11,SH
374,485.12,SM
374,497.83,SS
374,517.62,RH
374,527.62,RM
379,418.88,CH
379,553.88,RS
379,524.04,IM
379,517.48,W
379,495.04,D
379,451.60,CM
379,481.24,CS
379,494.11,SH
379,507.75,SM
379,522.44,SS
379,535.95,RH
379,545.59,RM
387,378.28,CH
387,515.90,RS
387,483.79,IM
387,476.00,W
387,412.98,CM
387,443.11,CS
387,458.73,SH
387,471.74,SM
387,485.11,SS
387,499.74,RH
387,508.97,RM
396,448.17,CH
396,600.44,RS
396,562.68,IM
396,548.07,W
396,529.96,D
396,483.13,CM
396,516.80,CS
396,533.73,SH
396,547.15,SM
396,562.90,SS
396,583.08,RH
396,592.68,RM
41,433.53,CH
41,589.57,RS
41,553.25,IM
41,542.57,W
41,516.22,D
41,471.28,CM
41,505.02,CS
41,522.44,SH
41,537.62,SM
41,553.26,SS
41,572.44,RH
41,581.91,RM
451,427.16,CH
451,569.72,RS
451,530.22,IM
451,531.64,W
451,503.77,D
451,462.86,CM
451,493.61,CS
451,502.01,SH
451,515.15,SM
451,530.15,SS
451,551.41,RH
451,561.29,RM
485,560.27,CH
485,731.43,RS
485,694.99,IM
485,679.45,W
485,598.04,CM
485,635.11,CS
485,658.07,SH
485,675.49,SM
485,693.65,SS
485,707.87,RH
485,720.97,RM
489,434.34,CH
489,574.76,RS
489,539.28,IM
489,532.31,W
489,511.64,D
489,469.80,CM
489,501.55,CS
489,510.49,SH
489,524.15,SM
489,539.29,SS
489,557.60,RH
489,566.87,RM
48,362.84,CH
48,500.60,RS
48,465.86,IM
48,460.19,W
48,441.48,D
48,397.52,CM
48,427.71,CS
48,440.49,SH
48,453.21,SM
48,466.14,SS
48,484.16,RH
48,493.39,RM
514,411.18,CH
514,559.51,RS
514,520.48,IM
514,516.26,W
514,491.92,D
514,445.87,CM
514,478.84,CS
514,492.89,SH
514,507.24,SM
514,520.53,SS
514,541.12,RH
514,551.30,RM
533,409.77,CH
533,561.33,RS
533,527.37,IM
533,516.97,W
533,486.55,D
533,443.97,CM
533,478.15,CS
533,497.75,SH
533,512.02,SM
533,527.24,SS
533,546.42,RH
533,555.96,RM
543,504.68,CH
543,671.00,RS
543,625.57,IM
543,611.70,W
543,600.54,D
543,540.33,CM
543,574.13,CS
543,592.63,SH
543,609.04,SM
543,625.43,SS
543,651.31,RH
543,662.51,RM
604,362.33,CH
604,505.33,RS
604,471.72,IM
604,463.77,W
604,443.04,D
604,397.56,CM
604,428.12,CS
604,445.50,SH
604,457.39,SM
604,471.71,SS
604,488.00,RH
604,497.02,RM
63,335.75,CH
63,472.57,RS
63,435.63,IM
63,432.53,W
63,412.91,D
63,370.42,CM
63,399.96,CS
63,409.31,SH
63,422.20,SM
63,436.53,SS
63,454.84,RH
63,465.34,RM
665,421.43,CH
665,565.21,RS
665,528.63,IM
665,521.47,W
665,499.27,D
665,456.18,CM
665,486.78,CS
665,500.64,SH
665,514.45,SM
665,528.86,SS
665,547.53,RH
665,557.20,RM
688,396.98,CH
688,530.82,RS
688,497.59,IM
688,495.79,W
688,472.29,D
688,432.90,CM
688,461.81,CS
688,473.49,SH
688,484.69,SM
688,497.43,SS
688,513.65,RH
688,523.47,RM
709,410.57,CH
709,554.99,RS
709,518.70,IM
709,516.37,W
709,489.59,D
709,445.95,CM
709,478.64,CS
709,490.72,SH
709,504.58,SM
709,519.07,SS
709,537.58,RH
709,547.29,RM
773,430.87,CH
773,571.98,RS
773,534.64,IM
773,530.58,W
773,505.86,D
773,466.23,CM
773,497.34,CS
773,506.40,SH
773,519.97,SM
773,534.58,SS
773,553.60,RH
773,563.88,RM
779,258.55,CH
779,407.04,RS
779,366.74,IM
779,358.12,W
779,337.87,D
779,292.95,CM
779,322.80,CS
779,339.10,SH
779,351.96,SM
779,367.15,SS
779,387.87,RH
779,398.20,RM
781,444.83,CH
781,610.49,RS
781,571.45,IM
781,565.57,W
781,532.12,D
781,478.70,CM
781,516.08,CS
781,531.74,SH
781,541.52,SM
781,571.45,SS
781,583.64,RH
781,601.40,RM
78,390.97,CH
78,536.34,RS
78,498.66,IM
78,494.72,W
78,471.84,D
78,425.93,CM
78,459.42,CS
78,470.56,SH
78,484.02,SM
78,498.74,SS
78,518.39,RH
78,528.27,RM
808,638.54,CH
808,816.03,RS
808,766.62,IM
808,781.94,W
808,746.53,D
808,671.40,CM
808,707.89,CS
808,726.65,SH
808,746.70,SM
808,766.78,SS
808,792.58,RH
808,804.48,RM
810,335.68,CH
810,472.62,RS
810,435.62,IM
810,432.37,W
810,412.89,D
810,370.40,CM
810,399.85,CS
810,409.07,SH
810,422.19,SM
810,436.53,SS
810,454.84,RH
810,465.10,RM
818,437.22,CH
818,578.88,RS
818,545.94,IM
818,545.03,W
818,518.63,D
818,475.93,CM
818,506.26,CS
818,522.23,SH
818,532.64,SM
818,546.44,SS
818,562.51,RH
818,571.27,RM
821,375.89,CH
821,512.26,RS
821,484.43,IM
821,470.97,W
821,454.65,D
821,411.54,CM
821,436.09,CS
821,452.86,SH
821,464.22,SM
821,484.38,SS
821,495.35,RH
821,505.30,RM
829,378.29,CH
829,511.57,RS
829,483.74,IM
829,474.78,W
829,453.51,D
829,407.58,CM
829,437.84,CS
829,451.96,SH
829,465.79,SM
829,481.62,SS
829,498.03,RH
829,506.47,RM
82,434.23,CH
82,577.65,RS
82,539.49,IM
82,530.00,W
82,514.21,D
82,469.47,CM
82,501.65,CS
82,511.59,SH
82,524.74,SM
82,540.08,SS
82,561.48,RH
82,570.16,RM
836,349.49,CH
836,487.54,RS
836,450.29,IM
836,446.49,W
836,426.09,D
836,381.50,CM
836,411.17,CS
836,425.23,SH
836,437.50,SM
836,450.45,SS
836,470.26,RH
836,479.93,RM
837,353.74,CH
837,493.43,RS
837,454.00,IM
837,453.85,W
837,433.54,D
837,389.09,CM
837,418.07,CS
837,431.81,SH
837,446.95,SM
837,461.44,SS
837,476.34,RH
837,485.70,RM
843,401.61,CH
843,550.49,RS
843,513.43,IM
843,506.44,W
843,481.74,D
843,436.37,CM
843,470.20,CS
843,486.88,SH
843,499.28,SM
843,513.83,SS
843,533.57,RH
843,543.26,RM
919,336.77,CH
919,480.60,RS
919,440.77,IM
919,436.65,W
919,415.02,D
919,371.72,CM
919,401.99,CS
919,413.41,SH
919,426.56,SM
919,441.21,SS
919,462.15,RH
919,472.02,RM
942,453.28,CH
942,599.76,RS
942,558.07,IM
942,548.99,W
942,528.21,D
942,486.68,CM
942,520.82,CS
942,530.34,SH
942,543.24,SM
942,558.32,SS
942,582.01,RH
942,591.63,RM
954,685.68,CH
954,859.52,RS
954,810.59,IM
954,802.34,W
954,722.12,CM
954,757.75,CS
954,774.79,SH
954,791.43,SM
954,810.64,SS
954,837.29,RH
954,850.00,RM
959,400.14,CH
959,544.26,RS
959,511.61,IM
959,501.56,W
959,477.06,D
959,434.93,CM
959,466.25,CS
959,481.99,SH
959,496.24,SM
959,511.60,SS
959,527.35,RH
959,536.62,RM
998,692.61,CH
998,861.82,RS
998,824.59,IM
998,804.15,W
998,728.19,CM
998,761.64,CS
998,790.14,SH
998,807.10,SM
998,822.99,SS
998,840.23,RH
998,852.21,RM
