Category,CarID
S,959
S,1431
S,1458
S,1549
S,1746
S,1773
S,1896
S,1907
S,1987
S,2051
S,2139
S,2141
S,2152
S,2170
S,2173
S,2176
S,3214
S,3220
S,3222
S,3266
S,3295
S,3337
S,3354
S,3367
S,3368
S,3391
S,3401
S,3406
S,3407
S,3408
S,3413
S,3427
S,3467
S,3481
S,3483
S,3500
S,3504
S,3506
S,3512
S,3518
M,205
M,1373
M,1402
M,1433
M,1480
M,1539
M,1545
M,1563
M,1722
M,1770
M,1797
M,1902
M,1905
M,1956
M,2078
M,2131
M,2146
M,2157
M,2158
M,2159
M,2160
M,2161
M,2163
M,2164
M,2166
M,2171
M,2174
M,2175
M,2177
M,2178
M,2182
M,2183
M,2184
M,2185
M,2186
M,2187
M,2188
M,2190
M,2192
M,3183
M,3185
M,3192
M,3209
M,3210
M,3218
M,3219
M,3221
M,3223
M,3224
M,3225
M,3227
M,3228
M,3229
M,3230
M,3231
M,3232
M,3234
M,3235
M,3237
M,3238
M,3239
M,3241
M,3242
M,3245
M,3246
M,3247
M,3248
M,3249
M,3251
M,3252
M,3253
M,3254
M,3256
M,3257
M,3258
M,3259
M,3260
M,3261
M,3262
M,3263
M,3265
M,3268
M,3296
M,3297
M,3298
M,3299
M,3300
M,3301
M,3303
M,3304
M,3305
M,3306
M,3310
M,3311
M,3338
M,3339
M,3340
M,3343
M,3345
M,3346
M,3352
M,3364
M,3390
M,3399
M,3405
M,3409
M,3411
M,3416
M,3419
M,3423
M,3426
M,3449
M,3469
M,3474
M,3477
M,3480
M,3485
M,3488
M,3501
M,3502
M,3508
L,396
L,1027
L,1040
L,1425
L,1466
L,1474
L,1510
L,1516
L,1528
L,1536
L,1581
L,1646
L,1898
L,1904
L,1965
L,2049
L,2055
L,2076
L,2077
L,2080
L,2087
L,2095
L,2098
L,2099
L,2101
L,2103
L,2106
L,2107
L,2108
L,2109
L,2110
L,2111
L,2112
L,2113
L,2116
L,2117
L,2118
L,2121
L,2122
L,2123
L,2124
L,2127
L,2134
L,2135
L,2142
L,2143
L,2147
L,2156
L,2162
L,2179
L,2180
L,2181
L,3187
L,3188
L,3216
L,3309
L,3312
L,3313
L,3314
L,3315
L,3316
L,3332
L,3333
L,3334
L,3335
L,3342
L,3348
L,3349
L,3350
L,3351
L,3360
L,3371
L,3372
L,3374
L,3394
L,3396
L,3398
L,3402
L,3414
L,3417
L,3433
L,3436
L,3450
L,3452
L,3459
L,3473
L,3476
L,3478
L,3479
L,3495
L,3499
L,3507
L,3510
L,3511
B,205
B,396
B,1027
B,1040
B,1373
B,1402
B,1425
B,1431
B,1433
B,1466
B,1474
B,1480
B,1510
B,1516
B,1528
B,1536
B,1539
B,1545
B,1549
B,1563
B,1581
B,1646
B,1722
B,1770
B,1797
B,1898
B,1902
B,1904
B,1905
B,1907
B,1956
B,1965
B,2049
B,2055
B,2076
B,2077
B,2078
B,2080
B,2087
B,2095
B,2098
B,2099
B,2101
B,2103
B,2106
B,2107
B,2108
B,2109
B,2110
B,2111
B,2112
B,2113
B,2116
B,2117
B,2118
B,2121
B,2122
B,2123
B,2124
B,2127
B,2131
B,2134
B,2135
B,2142
B,2143
B,2146
B,2156
B,2157
B,2158
B,2159
B,2160
B,2161
B,2162
B,2163
B,2166
B,2171
B,2174
B,2175
B,2177
B,2178
B,2179
B,2180
B,2181
B,2182
B,2184
B,2185
B,2186
B,2187
B,2188
B,2190
B,2192
B,3183
B,3185
B,3187
B,3188
B,3192
B,3209
B,3210
B,3216
B,3218
B,3219
B,3221
B,3223
B,3224
B,3225
B,3227
B,3228
B,3229
B,3230
B,3231
B,3232
B,3234
B,3235
B,3237
B,3238
B,3239
B,3241
B,3242
B,3245
B,3246
B,3247
B,3248
B,3251
B,3252
B,3253
B,3254
B,3256
B,3257
B,3258
B,3259
B,3260
B,3261
B,3263
B,3268
B,3296
B,3297
B,3298
B,3299
B,3300
B,3301
B,3303
B,3304
B,3305
B,3306
B,3310
B,3311
B,3312
B,3313
B,3314
B,3315
B,3316
B,3332
B,3333
B,3334
B,3335
B,3338
B,3340
B,3343
B,3345
B,3348
B,3349
B,3350
B,3351
B,3352
B,3364
B,3371
B,3372
B,3394
B,3396
B,3398
B,3402
B,3406
B,3409
B,3411
B,3414
B,3416
B,3417
B,3419
B,3423
B,3426
B,3436
B,3449
B,3450
B,3452
B,3459
B,3469
B,3473
B,3474
B,3476
B,3477
B,3478
B,3479
B,3480
B,3485
B,3488
B,3495
B,3499
B,3501
B,3502
B,3507
B,3508
B,3510
B,3511
